"","DEM","DATE","WEEK","Vote_Share","Lagged_VS","ad_day","no_ad_day","before_oct","after_oct","TOT_INSTANCE","POSITION","LENGTH","tot_audience","comp_audience","Weighted_Slant","Weighted_Cosine","NEG","AWARDS","COMEDY","DOCUMENTARY","DRAMA_ADVENTURE","MOVIE","NEWS_POLITICAL","SLICE_OF_LIFE","SPORTS","SUSPENSE_MYSTERY","ANE","CNN","DISC","FNEW","HIST","ID","LIFE","MSNB","NBC","OTHERS","TLC","row_num"
"1",0,"11/07/2016","17",46.83069711675,47.9664972991354,1,0,0,1,14,0.594831523112134,0,61823393,43045072,0.0482284883859312,0.325629338342852,1,0,0,0.0280320751725807,0,0,0.206153178943123,0.0641512509674129,0.701663494916884,0,0,0,0.0115047066407371,0,0.0130598946583213,0.0103275632251371,0,0,0.684439852726944,0.249094303187145,0.0315736795617154,1
"2",0,"11/06/2016","17",47.9664972991354,48.1177777726185,1,0,0,1,11,0.451216426587543,0,4430885,838548,0.0565634906811168,0.351297564518211,1,0,0,0.371152715541026,0,0,0.182966608250948,0.445880676208026,0,0,0,0.396350616186157,0.242424707479431,0,0,0.104115317820255,0,0,0,0.053653389785562,0.203455968728595,2
"3",0,"11/05/2016","17",48.1177777726185,47.956852039571,1,0,0,1,8,0.530367060033687,0,11835766,5119505,0.0884989945541681,0.302710615723396,0.893553319658398,0,0,0.0263852800063807,0,0,0.723354703024713,0.250260016968906,0,0,0,0.317641883085556,0.250260016968906,0.405712819939157,0,0,0,0,0,0,0.0263852800063807,3
"4",0,"11/04/2016","17",47.956852039571,46.9220994954795,1,0,0,1,4,0.590500048022965,0,10533155,3033412,0.238153760837855,0.370342182531152,0.77640925249842,0,0.744145889811742,0,0,0,0.22359074750158,0.0322633626866784,0,0,0,0.22359074750158,0,0,0,0,0,0,0,0.744145889811742,0.0322633626866784,4
"5",0,"11/03/2016","17",46.9220994954795,47.4679283689642,1,0,0,1,3,0.810773951310866,0,22457386,29818904,-0.74979157184009,0.406350216140238,1,0,0,0,0,0,0.0436198585178168,0.00899343316270202,0.947386708319481,0,0,0.0436198585178168,0,0,0,0,0,0,0,0.947386708319481,0.00899343316270202,5
"6",0,"11/02/2016","17",47.4679283689642,47.8571289020856,1,0,0,1,9,0.350394552624911,0,9588145,25003538,-0.181811109137064,0.386418408283376,0.794837687581905,0,0,0.0143277975041053,0,0,0.872969693303553,0.112702509192341,0,0,0,0.334432885610303,0,0.53853680769325,0,0,0.042213587716915,0,0,0.0143277975041053,0.0704889214754262,6
"7",0,"11/01/2016","17",47.8571289020856,46.8959130483231,1,0,0,1,3,0.512100809451618,0,7358668,3401969,-0.387165892633387,0.399884542712478,0.559560099735441,0,0,0,0,0,0.331483632635689,0.10895626762887,0.559560099735441,0,0,0,0,0.331483632635689,0,0,0,0,0,0.668516367364311,0,7
"8",0,"10/31/2016","17",46.8959130483231,46.6149099471894,1,0,0,1,5,0.24919848966663,0,24819707,9975961,-0.729568041305804,0.399262196680739,0.950447682561281,0,0,0,0,0.0231402006478159,0.268244826580749,0.0514518563817051,0.65716311638973,0,0,0,0,0,0,0,0,0,0.65716311638973,0.291385027228565,0.0514518563817051,8
"9",0,"10/30/2016","17",46.6149099471894,46.0227655511286,1,0,0,1,5,0.52807907243883,0,1701638,786968,-0.260765005269516,0.359743296863127,0.770916023266993,0,0,0.770916023266993,0,0.229083976733007,0,0,0,0,0,0.460202463743758,0,0,0,0,0.436957214166585,0,0,0.102840322089657,0,9
"10",0,"10/29/2016","16",46.0227655511286,46.1851669415485,1,0,0,1,5,0.72217670819237,0.207688374084293,22703760,4102320,-0.622260048690923,0.386904553657333,1,0,0,0,0,0.0138583653104155,0.191082226027759,0,0.587371034577532,0.207688374084293,0,0,0,0.191082226027759,0,0,0,0,0,0.808917773972241,0,10
"11",0,"10/28/2016","16",46.1851669415485,45.8426964949654,0,1,0,1,0,0,0,0,4934958,0,0,0,0,0,0,0,0,0,0,0,0,0,0,0,0,0,0,0,0,0,0,0,11
"12",0,"10/27/2016","16",45.8426964949654,45.2816205901376,1,0,0,1,5,0.641033891735464,0,16051455,6583594,-0.731524906086009,0.405641480088959,1,0,0,0,0,0,0.0572077733763076,0.0590716542519043,0.883720572371788,0,0,0.0572077733763076,0,0,0,0,0.0419755716849345,0,0,0.883720572371788,0.0170960825669698,12
"13",0,"10/26/2016","16",45.2816205901376,45.2738384936485,1,0,0,1,8,0.526955867915875,0.0541700737636497,18784320,5901477,-0.490876857134892,0.349734212543436,0.985134569683651,0,0,0,0,0,0.21789737398,0.42134061813257,0,0.36076200788743,0,0.107346286690176,0.0266686257474319,0.110551087289825,0.0189522431474762,0,0,0,0.360854318921313,0.36076200788743,0.014865430316349,13
"14",0,"10/25/2016","16",45.2738384936485,44.0118993257109,1,0,0,1,1,0.428571428571429,0,7566717,3958760,-0.525248947200406,0.324656884939182,1,0,0,0,0,0,0,1,0,0,0,0,0,0,0,0,0,0,1,0,0,14
"15",0,"10/24/2016","16",44.0118993257109,43.7656987276329,1,0,0,1,5,0.418135144301483,0.279169379714523,27043693,13740106,-0.445562765024517,0.351472695921894,1,0,0,0,0.207973592955666,0.0165261453012353,0.471069502231075,0.0252613797975003,0.279169379714523,0,0,0,0,0,0,0,0,0,0.279169379714523,0.695569240487976,0.0252613797975003,15
"16",0,"10/23/2016","16",43.7656987276329,44.490202851662,1,0,0,1,6,0.372501839483214,0.322560106253409,21367785,1016942,-0.366006545215897,0.331320812982954,0.95639669717755,0,0,0,0,0,0,0.0666988646694077,0.933301135330592,0,0,0,0,0,0,0,0,0,0,0.933301135330592,0.0666988646694077,16
"17",0,"10/22/2016","15",44.490202851662,44.3404563647977,1,0,0,1,1,0.5,0,1306641,4705114,-0.794929081186365,0.406864248900436,1,0,0,0,0,0,1,0,0,0,0,1,0,0,0,0,0,0,0,0,0,17
"18",0,"10/21/2016","15",44.3404563647977,44.542585726266,1,0,0,1,1,0.571428571428571,0,330640,2976477,0.293415994960333,0.216552856052065,0,0,0,0,0,0,0,1,0,0,0,0,0,0,0,0,0,0,0,0,1,18
"19",0,"10/20/2016","15",44.542585726266,44.3709032059546,1,0,0,1,1,0.615384615384615,0,539574,2081827,0.293415994960333,0.216552856052065,0,0,0,0,0,0,0,1,0,0,0,0,0,0,0,0,1,0,0,0,0,19
"20",0,"10/19/2016","15",44.3709032059546,44.0784155480038,1,0,0,1,2,0.400327704989304,0,973979,9131971,-0.00544387360175494,0.357955167416176,0.569940419659972,0,0,0,0,0,0,1,0,0,0,0,0,0,0,0,0.430059580340028,0,0,0,0.569940419659972,20
"21",0,"10/18/2016","15",44.0784155480038,44.9141809383383,1,0,0,1,2,0.575601786264658,0,14136539,0,-0.0665949244378888,0.421966695814063,1,0,0,0,0,0,0,1,0,0,0,0,0,0,0,0,0,0,0.541690791501371,0.458309208498629,0,21
"22",0,"10/17/2016","15",44.9141809383383,44.7809117489503,1,0,0,1,3,0.520906639164361,0,6010509,1730957,0.260770401189181,0.361512503700168,0.810030065673306,0,0,0,0.810030065673306,0.0885043180203207,0,0.101465616306373,0,0,0,0,0,0,0,0,0,0,0,0.898534383693627,0.101465616306373,22
"23",0,"10/16/2016","15",44.7809117489503,44.4879250346637,1,0,0,1,2,0.308578202211161,0,925155,1437297,0.272629237970383,0.308854469253925,0.519857753565619,0,0,0,0,0,0,1,0,0,0,0,0,0,0,0,0,0,0,0,1,23
"24",0,"10/15/2016","14",44.4879250346637,44.2242742742999,1,0,0,1,1,0.375,0,1314315,1928801,-0.337046380723979,0.444305792474953,1,0,0,0,0,0,1,0,0,0,0,1,0,0,0,0,0,0,0,0,0,24
"25",0,"10/14/2016","14",44.2242742742999,43.8486266494842,1,0,0,1,2,0.3898570277084,0,2005136,3043283,0.258631855000522,0.391827586428361,0.682376158026189,0,0,0,0,0,0.682376158026189,0.317623841973811,0,0,0,0.682376158026189,0,0,0,0,0,0,0,0.317623841973811,0,25
"26",0,"10/13/2016","14",43.8486266494842,44.2578614010304,1,0,0,1,2,0.621410598895815,0,578164,3333743,0.397647094977942,0.307232568940804,0.428440719242291,0,0,0,0,0,0,1,0,0,0,0,0,0,0,0,0,0,0,0,1,26
"27",0,"10/12/2016","14",44.2578614010304,43.9271949461852,0,1,0,1,0,0,0,0,3435027,0,0,0,0,0,0,0,0,0,0,0,0,0,0,0,0,0,0,0,0,0,0,0,27
"28",0,"10/11/2016","14",43.9271949461852,45.2492503933585,1,0,0,1,5,0.438850626232698,0.187811008229367,9285526,4031611,0.0222312578201982,0.403030966146655,0.590100334649863,0,0,0,0,0,1,0,0,0,0,0.556896830615735,0,0.443103169384265,0,0,0,0,0,0,0,28
"29",0,"10/10/2016","14",45.2492503933585,45.7292651731829,1,0,0,1,2,0.258917631104424,0,11123205,5987556,-0.130480068975422,0.386377306318962,0,0,0,0,0,0,0.933948264012036,0.0660517359879639,0,0,0,0,0,0,0,0,0,0,0,1,0,29
"30",0,"10/09/2016","14",45.7292651731829,45.5288860220858,1,0,0,1,1,0.454545454545455,0,464037,2410623,-0.349584237728565,0.307901124483977,0,0,0,0,0,0,0,1,0,0,0,0,0,0,0,0,0,0,0,0,1,30
"31",0,"10/08/2016","13",45.5288860220858,46.1806767170456,1,0,0,1,1,0.375,0,1633435,5800085,-0.160482782332614,0.39839722048163,0,0,0,0,0,0,1,0,0,0,0,1,0,0,0,0,0,0,0,0,0,31
"32",0,"10/07/2016","13",46.1806767170456,46.1819700385989,1,0,0,1,2,0.791951499332433,0,704490,3823342,-0.109632899504341,0.371491817915134,1,0,0,0,0,0,0,1,0,0,0.429459609078908,0,0.570540390921092,0,0,0,0,0,0,0,0,32
"33",0,"10/06/2016","13",46.1819700385989,46.5901148816377,1,0,0,1,6,0.430607962134615,0,7493493,3835258,0.13394296171964,0.410115318038991,0.952943573844668,0,0,0.0546579545747224,0,0,0.898285619269945,0.0470564261553324,0,0,0,0.12512882843822,0,0.773156790831726,0,0,0,0,0,0,0.101714380730055,33
"34",0,"10/05/2016","13",46.5901148816377,46.5704479492446,1,0,0,1,1,0.428571428571429,0,2829226,6444695,0.211124250874788,0.436226179068896,1,0,0,0,0,0,0,0,1,0,0,0,0,0,0,0,0,0,0,1,0,34
"35",0,"10/04/2016","13",46.5704479492446,46.6159163133552,1,0,0,1,2,0.433339418974124,0,2561129,2631726,0.195110769575129,0.40764483746853,0.676889371835624,0,0,0,0,0,1,0,0,0,0,0.323110628164376,0,0.676889371835624,0,0,0,0,0,0,0,35
"36",0,"10/03/2016","13",46.6159163133552,47.0251213670879,1,0,0,1,1,0.75,0,12022343,4612827,0.211124250874788,0.436226179068896,1,0,0,0,0,0,0,0,1,0,0,0,0,0,0,0,0,0,1,0,0,36
"37",0,"10/02/2016","13",47.0251213670879,46.9661716734889,0,1,0,1,0,0,0,0,749339,0,0,0,0,0,0,0,0,0,0,0,0,0,0,0,0,0,0,0,0,0,0,0,37
"38",0,"10/01/2016","12",46.9661716734889,46.6462355138291,0,1,0,1,0,0,0,0,4205024,0,0,0,0,0,0,0,0,0,0,0,0,0,0,0,0,0,0,0,0,0,0,0,38
"39",0,"09/30/2016","12",46.6462355138291,47.2641002875742,1,0,1,0,3,0.440872520931418,0,2182615,2333262,-0.0482135103102356,0.350435630579599,0.178069884061092,0,0,0,0,0,0.821930115938908,0.178069884061092,0,0,0,0.821930115938908,0,0,0,0,0,0,0,0,0.178069884061092,39
"40",0,"09/29/2016","12",47.2641002875742,46.7050536997279,0,1,1,0,0,0,0,0,6439824,0,0,0,0,0,0,0,0,0,0,0,0,0,0,0,0,0,0,0,0,0,0,0,40
"41",0,"09/28/2016","12",46.7050536997279,46.6882966180731,0,1,1,0,0,0,0,0,6932172,0,0,0,0,0,0,0,0,0,0,0,0,0,0,0,0,0,0,0,0,0,0,0,41
"42",0,"09/27/2016","12",46.6882966180731,46.1612527565229,1,0,1,0,5,0.318691915441646,0,10859814,1643006,0.0992582656238503,0.360555228609156,0.358089282192126,0,0,0,0,0,1,0,0,0,0,0,0,0.77335864131743,0,0,0,0.22664135868257,0,0,0,42
"43",0,"09/26/2016","12",46.1612527565229,46.2959575209192,1,0,1,0,1,0.272727272727273,0,600731,3466364,-0.0567739958595188,0.346386145516069,0,0,0,0,0,0,1,0,0,0,0,1,0,0,0,0,0,0,0,0,0,43
"44",0,"09/25/2016","12",46.2959575209192,46.3867333132081,0,1,1,0,0,0,0,0,500310,0,0,0,0,0,0,0,0,0,0,0,0,0,0,0,0,0,0,0,0,0,0,0,44
"45",0,"09/24/2016","11",46.3867333132081,45.2927382498367,1,0,1,0,3,0.439609394509914,0,4966759,1454895,-0.06916656711014,0.354662965614714,0.675675224024359,0,0,0,0,0,1,0,0,0,0,0,0,1,0,0,0,0,0,0,0,45
"46",0,"09/23/2016","11",45.2927382498367,44.8594193777178,1,0,1,0,4,0.572053605678988,0,4705365,1886453,-0.0567739958595188,0.346386145516069,0,0,0,0,0,0,1,0,0,0,0,0.639853231364623,0,0.360146768635377,0,0,0,0,0,0,0,46
"47",0,"09/22/2016","11",44.8594193777178,45.3992372559987,1,0,1,0,1,0.375,0,1991474,6553253,-0.0567739958595188,0.346386145516069,0,0,0,0,0,0,1,0,0,0,0,0,0,1,0,0,0,0,0,0,0,47
"48",0,"09/21/2016","11",45.3992372559987,46.2979423806222,0,1,1,0,0,0,0,0,3445520,0,0,0,0,0,0,0,0,0,0,0,0,0,0,0,0,0,0,0,0,0,0,0,48
"49",0,"09/20/2016","11",46.2979423806222,47.0646006427862,0,1,1,0,0,0,0,0,2435346,0,0,0,0,0,0,0,0,0,0,0,0,0,0,0,0,0,0,0,0,0,0,0,49
"50",0,"09/19/2016","11",47.0646006427862,47.7591735121693,0,1,1,0,0,0,0,0,1599731,0,0,0,0,0,0,0,0,0,0,0,0,0,0,0,0,0,0,0,0,0,0,0,50
"51",0,"09/18/2016","11",47.7591735121693,47.7036103362682,0,1,1,0,0,0,0,0,8895593,0,0,0,0,0,0,0,0,0,0,0,0,0,0,0,0,0,0,0,0,0,0,0,51
"52",0,"09/17/2016","10",47.7036103362682,47.2120429466549,0,1,1,0,0,0,0,0,2426188,0,0,0,0,0,0,0,0,0,0,0,0,0,0,0,0,0,0,0,0,0,0,0,52
"53",0,"09/16/2016","10",47.2120429466549,47.4032052928099,0,1,1,0,0,0,0,0,3721321,0,0,0,0,0,0,0,0,0,0,0,0,0,0,0,0,0,0,0,0,0,0,0,53
"54",0,"09/15/2016","10",47.4032052928099,47.2316103027751,0,1,1,0,0,0,0,0,6844546,0,0,0,0,0,0,0,0,0,0,0,0,0,0,0,0,0,0,0,0,0,0,0,54
"55",0,"09/14/2016","10",47.2316103027751,46.7424875686874,0,1,1,0,0,0,0,0,6851503,0,0,0,0,0,0,0,0,0,0,0,0,0,0,0,0,0,0,0,0,0,0,0,55
"56",0,"09/13/2016","10",46.7424875686874,45.8251783681877,0,1,1,0,0,0,0,0,1717632,0,0,0,0,0,0,0,0,0,0,0,0,0,0,0,0,0,0,0,0,0,0,0,56
"57",0,"09/12/2016","10",45.8251783681877,44.1456593219698,0,1,1,0,0,0,0,0,0,0,0,0,0,0,0,0,0,0,0,0,0,0,0,0,0,0,0,0,0,0,0,0,57
"58",0,"09/11/2016","10",44.1456593219698,43.6418124949201,0,1,1,0,0,0,0,0,6422716,0,0,0,0,0,0,0,0,0,0,0,0,0,0,0,0,0,0,0,0,0,0,0,58
"59",0,"09/10/2016","9",43.6418124949201,43.8251089064419,0,1,1,0,0,0,0,0,3674985,0,0,0,0,0,0,0,0,0,0,0,0,0,0,0,0,0,0,0,0,0,0,0,59
"60",0,"09/09/2016","9",43.8251089064419,44.3074345223358,0,1,1,0,0,0,0,0,4088170,0,0,0,0,0,0,0,0,0,0,0,0,0,0,0,0,0,0,0,0,0,0,0,60
"61",0,"09/08/2016","9",44.3074345223358,43.4345105804208,0,1,1,0,0,0,0,0,4720598,0,0,0,0,0,0,0,0,0,0,0,0,0,0,0,0,0,0,0,0,0,0,0,61
"62",0,"09/07/2016","9",43.4345105804208,43.7911816984206,0,1,1,0,0,0,0,0,7965741,0,0,0,0,0,0,0,0,0,0,0,0,0,0,0,0,0,0,0,0,0,0,0,62
"63",0,"09/06/2016","9",43.7911816984206,44.291946891099,0,1,1,0,0,0,0,0,6761622,0,0,0,0,0,0,0,0,0,0,0,0,0,0,0,0,0,0,0,0,0,0,0,63
"64",0,"09/05/2016","9",44.291946891099,44.6955162108827,0,1,1,0,0,0,0,0,5072294,0,0,0,0,0,0,0,0,0,0,0,0,0,0,0,0,0,0,0,0,0,0,0,64
"65",0,"09/04/2016","9",44.6955162108827,45.0049656760896,0,1,1,0,0,0,0,0,2759071,0,0,0,0,0,0,0,0,0,0,0,0,0,0,0,0,0,0,0,0,0,0,0,65
"66",0,"09/03/2016","8",45.0049656760896,45.291386978758,0,1,1,0,0,0,0,0,0,0,0,0,0,0,0,0,0,0,0,0,0,0,0,0,0,0,0,0,0,0,0,0,66
"67",0,"09/02/2016","8",45.291386978758,44.058928406438,0,1,1,0,0,0,0,0,962648,0,0,0,0,0,0,0,0,0,0,0,0,0,0,0,0,0,0,0,0,0,0,0,67
"68",0,"09/01/2016","8",44.058928406438,45.0493907618584,0,1,1,0,0,0,0,0,7088576,0,0,0,0,0,0,0,0,0,0,0,0,0,0,0,0,0,0,0,0,0,0,0,68
"69",0,"08/31/2016","8",45.0493907618584,45.2878461810187,1,0,1,0,1,0.333333333333333,0,1674525,1109831,-0.32458361030575,0.304087901674888,1,0,0,0,0,0,1,0,0,0,0,0,0,1,0,0,0,0,0,0,0,69
"70",0,"08/30/2016","8",45.2878461810187,45.0604072043721,0,1,1,0,0,0,0,0,0,0,0,0,0,0,0,0,0,0,0,0,0,0,0,0,0,0,0,0,0,0,0,0,70
"71",0,"08/29/2016","8",45.0604072043721,43.9516484679985,0,1,1,0,0,0,0,0,3505758,0,0,0,0,0,0,0,0,0,0,0,0,0,0,0,0,0,0,0,0,0,0,0,71
"72",0,"08/28/2016","8",43.9516484679985,43.63879207079,0,1,1,0,0,0,0,0,665566,0,0,0,0,0,0,0,0,0,0,0,0,0,0,0,0,0,0,0,0,0,0,0,72
"73",0,"08/27/2016","7",43.63879207079,43.2459559206535,0,1,1,0,0,0,0,0,1024837,0,0,0,0,0,0,0,0,0,0,0,0,0,0,0,0,0,0,0,0,0,0,0,73
"74",0,"08/26/2016","7",43.2459559206535,44.2755105931673,0,1,1,0,0,0,0,0,3033648,0,0,0,0,0,0,0,0,0,0,0,0,0,0,0,0,0,0,0,0,0,0,0,74
"75",0,"08/25/2016","7",44.2755105931673,44.0092405409904,1,0,1,0,1,0.1,0,1199856,5842471,-0.32458361030575,0.304087901674888,1,0,0,0,0,0,0,1,0,0,0,0,0,0,1,0,0,0,0,0,0,75
"76",0,"08/24/2016","7",44.0092405409904,43.2074911516708,1,0,1,0,1,0.375,0,1918614,1654848,-0.32458361030575,0.304087901674888,1,0,0,0,0,0,1,0,0,0,0,0,0,1,0,0,0,0,0,0,0,76
"77",0,"08/23/2016","7",43.2074911516708,44.0444302471847,0,1,1,0,0,0,0,0,328695,0,0,0,0,0,0,0,0,0,0,0,0,0,0,0,0,0,0,0,0,0,0,0,77
"78",0,"08/22/2016","7",44.0444302471847,44.5459357328564,0,1,1,0,0,0,0,0,1168960,0,0,0,0,0,0,0,0,0,0,0,0,0,0,0,0,0,0,0,0,0,0,0,78
"79",0,"08/21/2016","7",44.5459357328564,45.014750428515,0,1,1,0,0,0,0,0,23074833,0,0,0,0,0,0,0,0,0,0,0,0,0,0,0,0,0,0,0,0,0,0,0,79
"80",0,"08/20/2016","6",45.014750428515,44.1922574569466,0,1,1,0,0,0,0,0,16340414,0,0,0,0,0,0,0,0,0,0,0,0,0,0,0,0,0,0,0,0,0,0,0,80
"81",0,"08/19/2016","6",44.1922574569466,43.3247049141304,1,0,1,0,1,0.714285714285714,0,1881427,30283107,-0.32458361030575,0.304087901674888,1,0,0,0,0,0,1,0,0,0,0,0,0,1,0,0,0,0,0,0,0,81
"82",0,"08/18/2016","6",43.3247049141304,43.4727180045725,1,0,1,0,1,0.583333333333333,0,1940129,17008752,-0.244725628977844,0.451980634655614,1,0,0,0,0,0,1,0,0,0,0,0,0,1,0,0,0,0,0,0,0,82
"83",0,"08/17/2016","6",43.4727180045725,43.243840131067,1,0,1,0,1,0.857142857142857,0,820708,29851657,-0.32458361030575,0.304087901674888,1,0,0,0,0,0,0,1,0,0,0,0,0,0,1,0,0,0,0,0,0,83
"84",0,"08/16/2016","6",43.243840131067,42.1292826345223,0,1,1,0,0,0,0,0,16089361,0,0,0,0,0,0,0,0,0,0,0,0,0,0,0,0,0,0,0,0,0,0,0,84
"85",0,"08/15/2016","6",42.1292826345223,42.0391957025462,0,1,1,0,0,0,0,0,34466214,0,0,0,0,0,0,0,0,0,0,0,0,0,0,0,0,0,0,0,0,0,0,0,85
"86",0,"08/14/2016","6",42.0391957025462,41.5514954490643,0,1,1,0,0,0,0,0,31991945,0,0,0,0,0,0,0,0,0,0,0,0,0,0,0,0,0,0,0,0,0,0,0,86
"87",0,"08/13/2016","5",41.5514954490643,42.2147078491766,0,1,1,0,0,0,0,0,48300587,0,0,0,0,0,0,0,0,0,0,0,0,0,0,0,0,0,0,0,0,0,0,0,87
"88",0,"08/12/2016","5",42.2147078491766,43.0714415154069,1,0,1,0,1,0.777777777777778,0,1471887,4027355,-0.32458361030575,0.304087901674888,1,0,0,0,0,0,1,0,0,0,0,0,0,1,0,0,0,0,0,0,0,88
"89",0,"08/11/2016","5",43.0714415154069,43.3162384825339,0,1,1,0,0,0,0,0,21096185,0,0,0,0,0,0,0,0,0,0,0,0,0,0,0,0,0,0,0,0,0,0,0,89
"90",0,"08/10/2016","5",43.3162384825339,43.4716388252471,0,1,1,0,0,0,0,0,38546594,0,0,0,0,0,0,0,0,0,0,0,0,0,0,0,0,0,0,0,0,0,0,0,90
"91",0,"08/09/2016","5",43.4716388252471,43.461636931076,0,1,1,0,0,0,0,0,18020008,0,0,0,0,0,0,0,0,0,0,0,0,0,0,0,0,0,0,0,0,0,0,0,91
"92",0,"08/08/2016","5",43.461636931076,43.7343477845717,0,1,1,0,0,0,0,0,23022871,0,0,0,0,0,0,0,0,0,0,0,0,0,0,0,0,0,0,0,0,0,0,0,92
"93",0,"08/07/2016","5",43.7343477845717,43.9351351808856,0,1,1,0,0,0,0,0,14987113,0,0,0,0,0,0,0,0,0,0,0,0,0,0,0,0,0,0,0,0,0,0,0,93
"94",0,"08/06/2016","4",43.9351351808856,44.2643404282564,0,1,1,0,0,0,0,0,348574,0,0,0,0,0,0,0,0,0,0,0,0,0,0,0,0,0,0,0,0,0,0,0,94
"95",0,"08/05/2016","4",44.2643404282564,44.7022387093048,0,1,1,0,0,0,0,0,301676,0,0,0,0,0,0,0,0,0,0,0,0,0,0,0,0,0,0,0,0,0,0,0,95
"96",0,"08/04/2016","4",44.7022387093048,44.1819316625771,0,1,1,0,0,0,0,0,4283792,0,0,0,0,0,0,0,0,0,0,0,0,0,0,0,0,0,0,0,0,0,0,0,96
"97",0,"08/03/2016","4",44.1819316625771,45.2444119730024,0,1,1,0,0,0,0,0,1805111,0,0,0,0,0,0,0,0,0,0,0,0,0,0,0,0,0,0,0,0,0,0,0,97
"98",0,"08/02/2016","4",45.2444119730024,45.3225648380001,1,0,1,0,1,0.8,0,1741917,0,0.370375555137549,0.388738353791624,1,0,0,0,0,0,1,0,0,0,0,0,0,1,0,0,0,0,0,0,0,98
"99",0,"08/01/2016","4",45.3225648380001,46.2347823396178,0,1,1,0,0,0,0,0,1528050,0,0,0,0,0,0,0,0,0,0,0,0,0,0,0,0,0,0,0,0,0,0,0,99
"100",0,"07/31/2016","4",46.2347823396178,46.1589487220287,0,1,1,0,0,0,0,0,348457,0,0,0,0,0,0,0,0,0,0,0,0,0,0,0,0,0,0,0,0,0,0,0,100
"101",0,"07/30/2016","3",46.1589487220287,46.5444196187142,0,1,1,0,0,0,0,0,1098329,0,0,0,0,0,0,0,0,0,0,0,0,0,0,0,0,0,0,0,0,0,0,0,101
"102",0,"07/29/2016","3",46.5444196187142,46.6818974533654,1,0,1,0,3,0.276462906008761,0.333782181882351,6981568,2851651,-0.113785754679168,0.328398818211255,0.646584979190921,0,0,0,0,0,1,0,0,0,0,0.31280279730857,0,0.68719720269143,0,0,0,0,0,0,0,102
"103",0,"07/28/2016","3",46.6818974533654,47.4141856408655,0,1,1,0,0,0,0,0,8291611,0,0,0,0,0,0,0,0,0,0,0,0,0,0,0,0,0,0,0,0,0,0,0,103
"104",0,"07/27/2016","3",47.4141856408655,46.973028390202,0,1,1,0,0,0,0,0,1029280,0,0,0,0,0,0,0,0,0,0,0,0,0,0,0,0,0,0,0,0,0,0,0,104
"105",0,"07/26/2016","3",46.973028390202,46.2971153801298,0,1,1,0,0,0,0,0,0,0,0,0,0,0,0,0,0,0,0,0,0,0,0,0,0,0,0,0,0,0,0,0,105
"106",0,"07/25/2016","3",46.2971153801298,45.4734358016979,0,1,1,0,0,0,0,0,4058477,0,0,0,0,0,0,0,0,0,0,0,0,0,0,0,0,0,0,0,0,0,0,0,106
"107",0,"07/24/2016","3",45.4734358016979,45.1111783398153,0,1,1,0,0,0,0,0,1184452,0,0,0,0,0,0,0,0,0,0,0,0,0,0,0,0,0,0,0,0,0,0,0,107
"108",0,"07/23/2016","2",45.1111783398153,44.2599031217175,0,1,1,0,0,0,0,0,2754041,0,0,0,0,0,0,0,0,0,0,0,0,0,0,0,0,0,0,0,0,0,0,0,108
"109",0,"07/22/2016","2",44.2599031217175,43.3875686761636,0,1,1,0,0,0,0,0,3771074,0,0,0,0,0,0,0,0,0,0,0,0,0,0,0,0,0,0,0,0,0,0,0,109
"110",0,"07/21/2016","2",43.3875686761636,42.8073333414097,0,1,1,0,0,0,0,0,2195554,0,0,0,0,0,0,0,0,0,0,0,0,0,0,0,0,0,0,0,0,0,0,0,110
"111",0,"07/20/2016","2",42.8073333414097,42.809509134807,0,1,1,0,0,0,0,0,4079380,0,0,0,0,0,0,0,0,0,0,0,0,0,0,0,0,0,0,0,0,0,0,0,111
"112",0,"07/19/2016","2",42.809509134807,43.2812851325355,0,1,1,0,0,0,0,0,0,0,0,0,0,0,0,0,0,0,0,0,0,0,0,0,0,0,0,0,0,0,0,0,112
"113",0,"07/18/2016","2",43.2812851325355,42.9530247293451,0,1,1,0,0,0,0,0,440289,0,0,0,0,0,0,0,0,0,0,0,0,0,0,0,0,0,0,0,0,0,0,0,113
"114",0,"07/17/2016","2",42.9530247293451,42.8412211011907,0,1,1,0,0,0,0,0,733049,0,0,0,0,0,0,0,0,0,0,0,0,0,0,0,0,0,0,0,0,0,0,0,114
"115",0,"07/16/2016","1",42.8412211011907,42.44370957975,0,1,1,0,0,0,0,0,3875853,0,0,0,0,0,0,0,0,0,0,0,0,0,0,0,0,0,0,0,0,0,0,0,115
"116",0,"07/15/2016","1",42.44370957975,42.629404820614,0,1,1,0,0,0,0,0,4065076,0,0,0,0,0,0,0,0,0,0,0,0,0,0,0,0,0,0,0,0,0,0,0,116
"117",0,"07/14/2016","1",42.629404820614,43.3413137610579,1,0,1,0,1,0.6,0,2334397,2188046,-0.625591827944444,0.387263493936937,1,0,0,0,0,0,1,0,0,0,0,0,0,1,0,0,0,0,0,0,0,117
"118",0,"07/13/2016","1",43.3413137610579,43.5743753744468,1,0,1,0,1,0.625,0,2361239,3514074,-0.625591827944444,0.387263493936937,1,0,0,0,0,0,1,0,0,0,0,0,0,1,0,0,0,0,0,0,0,118
"119",0,"07/12/2016","1",43.5743753744468,43.4357802108144,1,0,1,0,2,0.5,0,3074691,4097079,-0.625591827944444,0.387263493936937,1,0,0,0.295909735319744,0,0,0.704090264680256,0,0,0,0,0,0,0.704090264680256,0.295909735319744,0,0,0,0,0,0,119
"120",0,"07/11/2016","1",43.4357802108144,42.7330557619116,1,0,1,0,1,0.375,0,1242711,2413922,-0.625591827944444,0.387263493936937,1,0,0,1,0,0,0,0,0,0,0,0,0,0,1,0,0,0,0,0,0,120
"121",0,"07/10/2016","1",42.7330557619116,NA,0,1,1,0,0,0,0,0,373407,0,0,0,NA,NA,NA,NA,NA,NA,NA,NA,NA,NA,NA,NA,NA,NA,NA,NA,NA,NA,NA,NA,121
"122",1,"11/07/2016","17",43.6170444290829,43.2430229894305,1,0,0,1,11,0.44912155859847,0,43045072,61823393,0.0909238972562022,0.394184396132795,1,0,0,0.0538677226512712,0.102788165855548,0,0.0152965709988823,0.053131540818424,0.774915999675875,0,0,0,0,0,0.0335167519292336,0.0152965709988823,0,0,0.774915999675875,0.176270677396009,0,122
"123",1,"11/06/2016","17",43.2430229894305,42.6663635642327,1,0,0,1,2,0.465843656733623,0,838548,4430885,-0.126568554186998,0.423676436404026,0.503086287248911,0,0,0,0,0,0.496913712751089,0.503086287248911,0,0,0,0,0,0,0,0,0,0,0,0.496913712751089,0.503086287248911,123
"124",1,"11/05/2016","17",42.6663635642327,42.5619336675781,1,0,0,1,6,0.445697715018752,0,5119505,11835766,-0.0507300429165538,0.437006770572379,0.893786801653676,0,0.106213198346324,0.0979370075817877,0,0,0.454795922652678,0.341053871419209,0,0,0,0.207337818793028,0.341053871419209,0,0,0.0979370075817877,0,0.247458103859651,0,0.106213198346324,0,124
"125",1,"11/04/2016","17",42.5619336675781,43.3934274826531,1,0,0,1,4,0.435195732443485,0,3033412,10533155,-0.123827287657072,0.45877976184562,1,0,0,0,0,0,0.387755438430388,0.612244561569612,0,0,0,0.387755438430388,0,0,0,0,0.449730864122645,0,0,0.162513697446967,0,125
"126",1,"11/03/2016","17",43.3934274826531,42.4898690176323,1,0,0,1,12,0.568610994773098,0.833432677471982,29818904,22457386,0.302408684771388,0.34284189347318,0.95453079026647,0,0.00796306933346712,0.00757881644476269,0.0378903932887674,0,0.0360453221218325,0.0533630612312243,0.857159337579946,0,0,0.0360453221218325,0,0,0.0201666365738996,0,0,0,0,0.91891361936039,0.0248744219438783,126
"127",1,"11/02/2016","17",42.4898690176323,42.4057682810648,1,0,0,1,10,0.563947798678959,0,25003538,9588145,0.25120149929326,0.383346122875366,0.845936643046276,0,0,0.0528806363323462,0.0654603760475817,0,0.116006462765389,0.0323023485716301,0.733350176283052,0,0.0164606704859128,0.0398071664897984,0,0,0.0317953803177774,0.0210852560145688,0.0158416780857173,0.0761992962755911,0,0.798810552330634,0,127
"128",1,"11/01/2016","17",42.4057682810648,43.2819941096866,1,0,0,1,8,0.507421181954445,0,3401969,7358668,0.461494709717408,0.351509242984526,0.745005906873343,0,0.141566251779484,0.137010360764604,0.117983732362053,0,0,0.603439655093859,0,0,0.0874470049550716,0,0,0,0.515992650138787,0,0,0,0,0.396560344906141,0,128
"129",1,"10/31/2016","17",43.2819941096866,43.2400955804751,1,0,0,1,6,0.330461907342987,0,9975961,24819707,-0.104825845782008,0.342990553261296,0.931460537987268,0,0,0,0,0.0584028947186141,0.752381449767095,0.179079088220172,0.0101365672941183,0,0,0.0573260059857892,0,0,0,0,0,0,0,0.820920911779828,0.121753082234383,129
"130",1,"10/30/2016","17",43.2400955804751,44.0883090248831,1,0,0,1,2,0.499036758287453,0,786968,1701638,0.346907032773722,0.359805036247275,1,0,0,0.440463907045776,0,0,0,0.559536092954224,0,0,0,0,0,0,0,0,0.440463907045776,0,0,0,0.559536092954224,130
"131",1,"10/29/2016","16",44.0883090248831,43.7812992509255,1,0,0,1,6,0.416012026257229,0,4102320,22703760,0.498766936673412,0.328584382988509,0.471820092045477,0,0,0,0,0.0735074299420816,0.672599163400222,0.253893406657696,0,0,0.0991924081982878,0.250797597457049,0.154700998459408,0,0,0,0,0.421801565943174,0,0.0735074299420816,0,131
"132",1,"10/28/2016","16",43.7812992509255,44.1442968970863,1,0,0,1,8,0.477007692728678,0,4934958,0,0.185199866138643,0.334580274051226,0.895071852688513,0,0.0594679833141437,0.0961671811593939,0,0,0.218661232780502,0.625703602745961,0,0,0,0,0.275687655295141,0,0.213930493430744,0.0961671811593939,0.136085454020075,0.218661232780502,0,0.0594679833141437,0,132
"133",1,"10/27/2016","16",44.1442968970863,44.4719659156782,1,0,0,1,10,0.567495538586257,0,6583594,16051455,0.276770954850111,0.326442218542741,0.752336185979877,0,0.0369518533494016,0,0.136102256609384,0,0.143792433129989,0.217114846389373,0.466038610521852,0,0,0,0,0,0,0,0.0799935415215458,0.143792433129989,0,0.693152402775748,0.0830616225727164,133
"134",1,"10/26/2016","16",44.4719659156782,44.2122638812799,1,0,0,1,9,0.513432692539237,0,5901477,18784320,-0.0870122862639227,0.372448159646393,0.943106276615159,0,0.0568937233848408,0.10376165153232,0.266635962488713,0,0.161717820809943,0.410990841784184,0,0,0,0.161717820809943,0,0,0.151868252642516,0.10376165153232,0.0632362034114511,0,0,0.445941075429083,0.0734749961746864,134
"135",1,"10/25/2016","16",44.2122638812799,44.9638203510261,1,0,0,1,5,0.602228863511374,0,3958760,7566717,0.146682892775232,0.367326180570569,0.447918792753286,0,0,0.107906516181835,0,0,0.0773456840020613,0.814747799816104,0,0,0,0,0,0,0.485493942547666,0.107906516181835,0,0,0,0.406599541270499,0,135
"136",1,"10/24/2016","16",44.9638203510261,45.1293813871009,1,0,0,1,6,0.37655093124336,0,13740106,27043693,0.412007886787623,0.422736804925971,0.138504681113814,0,0,0,0,0.0318611079128502,0.792498980721109,0.17563991136604,0,0,0,0.0446604997079353,0,0,0,0,0,0,0,0.82436008863396,0.130979411658105,136
"137",1,"10/23/2016","16",45.1293813871009,44.1170216201823,1,0,0,1,2,0.157493041775135,0,1016942,21367785,-0.0677582281709053,0.371328920770784,0.521796719970264,0,0,0,0,0,0,0.521796719970264,0,0.478203280029736,0,0,0,0,0,0.478203280029736,0,0,0,0,0.521796719970264,137
"138",1,"10/22/2016","15",44.1170216201823,44.0806968798665,1,0,0,1,5,0.559153540928323,0,4705114,1306641,-0.0233792206000654,0.377625659378322,0.898346990104809,0,0,0.101653009895191,0,0,0.721248624369144,0.177098365735665,0,0,0,0.243290598272433,0.177098365735665,0,0,0.101653009895191,0,0.477958026096711,0,0,0,138
"139",1,"10/21/2016","15",44.0806968798665,43.7197706937889,1,0,0,1,5,0.432962122670526,0,2976477,330640,0.188185031648152,0.400981134851366,0.517110664722086,0,0.0651720137598913,0.150431533655392,0,0,0.482889335277914,0.301507117306803,0,0,0,0.482889335277914,0.156200098304136,0,0,0.150431533655392,0,0,0,0.210479032762558,0,139
"140",1,"10/20/2016","15",43.7197706937889,43.7402353735749,1,0,0,1,4,0.599050257298037,0,2081827,539574,0.113226578331738,0.39672503349858,0.621661165889385,0,0.109025389717782,0,0.368841407090983,0,0,0.522133203191235,0,0,0,0,0,0,0,0,0.522133203191235,0,0,0.477866796808765,0,140
"141",1,"10/19/2016","15",43.7402353735749,43.8493826942198,1,0,0,1,13,0.437764838115836,0,9131971,973979,-0.00218463604852892,0.405775960783345,0.66417676972474,0,0,0.0710037296439071,0,0,0.497871708090181,0.431124562265912,0,0,0.0374662819231467,0.14343759961568,0,0,0.15619103477223,0.0710037296439071,0.0453503411257,0.354434108474501,0,0.134104455653659,0.0580124487911755,141
"142",1,"10/18/2016","15",43.8493826942198,43.293058771607,0,1,0,1,0,0,0,0,14136539,0,0,0,0,0,0,0,0,0,0,0,0,0,0,0,0,0,0,0,0,0,0,0,142
"143",1,"10/17/2016","15",43.293058771607,43.7073935314502,1,0,0,1,3,0.415960640165054,0,1730957,6010509,0.178284575385829,0.384847201915317,0.651029459426202,0,0,0,0,0.312952314817757,0,0.687047685182243,0,0,0,0.348970540573798,0,0,0,0,0,0,0,0.312952314817757,0.338077144608445,143
"144",1,"10/16/2016","15",43.7073935314502,43.8826423799246,1,0,0,1,2,0.548492863846006,0,1437297,925155,0.148950600636197,0.429979555536707,0.336201216589195,0,0,0,0,0.663798783410805,0,0.336201216589195,0,0,0,0,0,0,0,0,0.663798783410805,0,0,0,0.336201216589195,144
"145",1,"10/15/2016","14",43.8826423799246,44.0890294576729,1,0,0,1,3,0.490493561921252,0,1928801,1314315,-0.0879057872367054,0.402519968563792,0.773342610253728,0,0,0.443055037818831,0,0,0.556944962181169,0,0,0,0,0,0,0,0.216397648072559,0.226657389746272,0,0.556944962181169,0,0,0,145
"146",1,"10/14/2016","14",44.0890294576729,44.253662269555,1,0,0,1,4,0.524763846644066,0,3043283,2005136,0.158440035821717,0.429930967120954,0.327914295187138,0,0,0.173593780138094,0,0,0.452564878126681,0.373841341735225,0,0,0,0,0,0,0,0.173593780138094,0.219520826686181,0.452564878126681,0,0.154320515049044,0,146
"147",1,"10/13/2016","14",44.253662269555,44.1522563805161,1,0,0,1,6,0.540932672945924,0,3333743,578164,0.418576866421227,0.397524922733961,0.32420465524787,0,0.0772939005796188,0,0,0,0.367673812888396,0.555032286531985,0,0,0,0,0,0,0,0,0.33476185776768,0.367673812888396,0,0.208323197079079,0.0892411322648446,147
"148",1,"10/12/2016","14",44.1522563805161,44.355875784513,1,0,0,1,6,0.463487318686337,0,3435027,0,0.023063347850466,0.358688362723599,0.884989259181951,0,0.115010740818049,0,0,0,0.332595638986244,0.552393620195707,0,0,0,0,0.120706765914795,0,0,0,0.110746145517925,0.332595638986244,0,0.335368542954684,0.100582906626353,148
"149",1,"10/11/2016","14",44.355875784513,43.2723250821484,1,0,0,1,7,0.555974547040153,0,4031611,9285526,0.239132664365842,0.373463798852942,0.529618308909267,0,0,0.124558396134945,0.0906850884175085,0,0.305354608864794,0.436657207255363,0,0.0427446993273905,0,0,0,0,0.436657207255363,0.124558396134945,0,0.305354608864794,0,0.133429787744899,0,149
"150",1,"10/10/2016","14",43.2723250821484,42.6351331668977,1,0,0,1,6,0.37958518639987,0,5987556,11123205,-0.440053822292986,0.423365043757559,0.951804542621397,0,0,0,0,0,0.836828415467012,0.163171584532988,0,0,0,0.2406005054483,0,0.366878238800606,0,0,0,0.229349671218106,0,0,0.163171584532988,150
"151",1,"10/09/2016","14",42.6351331668977,43.3248969703202,1,0,0,1,6,0.4382498554824,0,2410623,464037,-0.0423232719417969,0.364312326560103,0.63918829281891,0,0,0,0,0,0.193420953836415,0.412246543735789,0,0.394332502427796,0.234261848493107,0,0,0,0,0.167390753344675,0,0,0,0.420362702919536,0.177984695242682,151
"152",1,"10/08/2016","13",43.3248969703202,42.9804370021393,1,0,0,1,7,0.330102837341482,0,5800085,1633435,-0.499262527089746,0.423219123518038,0.913744195128175,0,0.0862558048718252,0.0713860227910453,0,0,0.625393593369752,0.216964578967377,0,0,0,0.244835894646372,0.216964578967377,0,0,0.0713860227910453,0,0.380557698723381,0,0.0862558048718252,0,152
"153",1,"10/07/2016","13",42.9804370021393,43.536866746772,1,0,0,1,7,0.500392072843975,0,3823342,704490,-0.305375745693864,0.400720920575102,0.748375374214496,0,0,0.167165532144391,0,0,0.246391246192467,0.586443221663142,0,0,0.0844590936411129,0,0.105116675411198,0,0.167165532144391,0,0.396867452610831,0.246391246192467,0,0,0,153
"154",1,"10/06/2016","13",43.536866746772,42.5659538909146,1,0,0,1,7,0.384281820671289,0,3835258,7493493,0.521840825763178,0.345089941147274,0.52990437670686,0,0.0734492959795664,0,0,0,0.524518819855144,0.40203188416529,0,0,0,0.285423822856246,0,0,0,0,0.148264601755605,0.239094996998898,0,0.0734492959795664,0.253767282409684,154
"155",1,"10/05/2016","13",42.5659538909146,42.9177931610832,1,0,0,1,10,0.388148407502872,0,6444695,2829226,0.399922252925448,0.326171323984567,0.231682957843622,0,0,0.0968972154617092,0.452804981461497,0,0,0.35732102139822,0,0.0929767816785744,0,0,0.0659481946003651,0,0.142404411690545,0.189873997140284,0.0575889161550702,0,0,0.493162050337526,0.05102243007621,155
"156",1,"10/04/2016","13",42.9177931610832,42.6989200505223,1,0,0,1,5,0.461125318698144,0,2631726,2561129,0.508119037305994,0.370827431181142,0.831518934721928,0,0,0,0.0829869826874074,0,0.374480094052344,0.457038840669583,0,0.0854940825906648,0,0,0,0,0.37302857516322,0,0,0.374480094052344,0,0.252491330784436,0,156
"157",1,"10/03/2016","13",42.6989200505223,42.3926107765726,1,0,0,1,11,0.461783280604418,0,4612827,12022343,0.473767908732679,0.334592812165016,0.375884896615459,0.165392719041924,0,0.178214574273,0,0,0.148787934167052,0.490117882157731,0.0174868903602932,0,0.178214574273,0.117351246860114,0,0,0.128154166631439,0.148787934167052,0,0,0,0.182879609402217,0.244612468666178,157
"158",1,"10/02/2016","13",42.3926107765726,42.1942100341719,1,0,0,1,2,0.349878137042558,0,749339,0,0.388175226455198,0.307652712600816,0,0,0,0,0,0,0.425548383308489,0,0,0.574451616691511,0,0,0,0,0,0.574451616691511,0,0,0,0.425548383308489,0,158
"159",1,"10/01/2016","12",42.1942100341719,42.3777793765234,1,0,0,1,7,0.308644279888915,0,4205024,0,0.468787095082571,0.351213043260893,0.57301266294794,0,0.256291521760637,0.2326921320782,0,0,0.41498074683997,0,0.0960355993211929,0,0,0.41498074683997,0,0,0.125662540808328,0.107029591269871,0,0,0,0.35232712108183,0,159
"160",1,"09/30/2016","12",42.3777793765234,41.7462662157407,1,0,1,0,4,0.723603887172316,0,2333262,2182615,0.539593693321178,0.363818798115976,0.767060450133761,0,0,0,0,0,0.45612623014475,0.54387376985525,0,0,0.310934219989011,0,0,0,0.232939549866239,0,0,0.45612623014475,0,0,0,160
"161",1,"09/29/2016","12",41.7462662157407,42.8838952253228,1,0,1,0,7,0.37153256075246,0,6439824,0,0.426178479891897,0.32630249629168,0.247510646253686,0,0,0,0.338397912737988,0,0.473842763404714,0.187759323857298,0,0,0,0,0,0,0,0,0.187759323857298,0.473842763404714,0,0.338397912737988,0,161
"162",1,"09/28/2016","12",42.8838952253228,42.5905429025255,1,0,1,0,11,0.520095795720275,0,6932172,0,0.504748441846886,0.327057878857815,0.301023257934166,0,0.0494937228908919,0,0,0,0.635152878491763,0.315353398617345,0,0,0.0485073076663418,0.173558013274916,0.0650102161342794,0,0,0,0.10479587061602,0.461594865216847,0,0.0494937228908919,0.0970400042007036,162
"163",1,"09/27/2016","12",42.5905429025255,42.7716006650789,1,0,1,0,2,0.342780202002567,0,1643006,10859814,0.557018668313718,0.382201736154142,1,0,0,0.282606393403311,0,0,0.717393606596689,0,0,0,0,0,0,0,0,0.282606393403311,0,0.717393606596689,0,0,0,163
"164",1,"09/26/2016","12",42.7716006650789,42.4070754960871,1,0,1,0,7,0.407939746886876,0,3466364,600731,0.532954208762372,0.356814298350429,0.679174489465042,0,0,0,0,0,0.55238659298331,0.413563318797449,0.0340500882192407,0,0,0.175681780678544,0,0,0,0.376704812304767,0,0,0,0.0340500882192407,0.413563318797449,164
"165",1,"09/25/2016","12",42.4070754960871,42.2594847042824,1,0,1,0,1,0.545454545454545,0,500310,0,0.409344738244024,0.372278121027084,1,0,0,0,0,0,0,1,0,0,0,0,0,0,0,0,0,0,0,1,0,165
"166",1,"09/24/2016","11",42.2594847042824,43.314596780574,1,0,1,0,4,0.660800046280545,0,1454895,4966759,0.235993474537982,0.349690861400262,1,0,0,0,0,0,0,0.624333027469336,0.375666972530664,0,0,0,0,0,0,0,0.624333027469336,0,0,0.375666972530664,0,166
"167",1,"09/23/2016","11",43.314596780574,43.4334516860344,1,0,1,0,3,0.741420951265565,0,1886453,4705365,-0.158579929746903,0.362601272484864,1,0,0,0.314183814810122,0,0,0.446746354136573,0.239069831053305,0,0,0,0,0,0,0.314183814810122,0,0,0.446746354136573,0,0.239069831053305,0,167
"168",1,"09/22/2016","11",43.4334516860344,43.0441643610103,1,0,1,0,10,0.485042636759006,0,6553253,1991474,0.183923073257503,0.344688294175861,1,0,0,0.193935744583644,0.142789695438281,0,0.277925634795421,0.385348925182654,0,0,0.076831765842094,0.1472873090662,0,0,0,0.193935744583644,0.254833439209504,0.130638325729222,0,0.142789695438281,0.0536837201310555,168
"169",1,"09/21/2016","11",43.0441643610103,42.1832630252004,1,0,1,0,6,0.352735743668244,0,3445520,0,0.234907821784534,0.350928423686031,1,0,0.134257818848824,0,0,0,0.291196394158211,0.574545786992965,0,0,0,0,0.350345666256472,0,0,0,0.224200120736493,0.291196394158211,0,0.134257818848824,0,169
"170",1,"09/20/2016","11",42.1832630252004,41.7380030860395,1,0,1,0,4,0.394957783059515,0,2435346,0,0.304028145289889,0.359388203971689,1,0,0,0,0,0,0.468618832806509,0.531381167193491,0,0,0,0,0.335765841896798,0,0,0.195615325296693,0,0.380710995480724,0,0.0879078373257845,0,170
"171",1,"09/19/2016","11",41.7380030860395,41.1125362270312,1,0,1,0,4,0.456800862144948,0,1599731,0,0.0553322652643383,0.328949797490539,1,0,0,0.253863305768282,0,0,0.684231286385024,0,0.0619054078466942,0,0.253863305768282,0,0,0,0,0.684231286385024,0,0,0,0.0619054078466942,0,171
"172",1,"09/18/2016","11",41.1125362270312,40.8897593447846,1,0,1,0,5,0.525495866785766,0,8895593,0,-0.0527612762036349,0.315720003925598,1,0,0,0,0,0.218596556744446,0,0.035554009721443,0.745849433534111,0,0.035554009721443,0,0,0,0,0,0.218596556744446,0,0,0.745849433534111,0,172
"173",1,"09/17/2016","10",40.8897593447846,41.2223542437862,1,0,1,0,4,0.430581473817355,0,2426188,0,-0.0557073454773904,0.315359428374178,1,0,0,0,0,0,0.641857102582323,0.358142897417677,0,0,0,0.318784447042026,0,0,0,0,0.358142897417677,0.323072655540296,0,0,0,173
"174",1,"09/16/2016","10",41.2223542437862,41.0296698885462,1,0,1,0,4,0.435276797060583,0,3721321,0,0.0292343910121241,0.325755624331332,1,0,0,0,0,0,0.515213280445304,0.139928536130046,0.344858183424649,0,0,0,0,0,0,0,0.139928536130046,0.515213280445304,0,0.344858183424649,0,174
"175",1,"09/15/2016","10",41.0296698885462,41.3085759110529,1,0,1,0,9,0.437232317726206,0,6844546,0,0.0957312105362295,0.333894308503223,1,0,0,0.0596441312542863,0.255284572563323,0,0.155343685322591,0.279549439802143,0,0.250178171057657,0,0,0,0,0,0.250178171057657,0.174645915156389,0.155343685322591,0,0.31384068424699,0.105991544216373,175
"176",1,"09/14/2016","10",41.3085759110529,41.9481379344699,1,0,1,0,11,0.601397631140143,0,6851503,0,0.0623778795770927,0.350621264171234,1,0,0,0,0,0,0.253237720249119,0.746762279750881,0,0,0,0,0.358861260076804,0,0.210182349770554,0,0.0570937500866598,0.253237720249119,0,0,0.120624919816864,176
"177",1,"09/13/2016","10",41.9481379344699,42.7467399001868,1,0,1,0,3,0.627984515891646,0,1717632,0,-0.131327591429047,0.306104109049046,1,0,0,0,0,0,0.619869098852374,0.380130901147626,0,0,0,0,0,0,0,0.380130901147626,0,0.454279496422982,0,0.165589602429391,0,177
"178",1,"09/12/2016","10",42.7467399001868,44.4105007896001,0,1,1,0,0,0,0,0,0,0,0,0,0,0,0,0,0,0,0,0,0,0,0,0,0,0,0,0,0,0,0,0,178
"179",1,"09/11/2016","10",44.4105007896001,44.9563218211763,1,0,1,0,13,0.527564072946346,0,6422716,0,0.117261851404353,0.336529488460673,1,0,0,0.501250716986396,0,0.309873735659494,0,0.18887554735411,0,0,0,0,0.101853639488341,0,0,0,0.579658667766098,0,0,0.129612145391451,0.18887554735411,179
"180",1,"09/10/2016","9",44.9563218211763,44.817926957187,1,0,1,0,8,0.505598255565331,0,3674985,0,-0.131327591429047,0.306104109049046,1,0,0,0.136687632738637,0,0,0,0.67345227259431,0.189860094667053,0,0,0,0.289769073887376,0,0,0.136687632738637,0.383683198706934,0,0,0.189860094667053,0,180
"181",1,"09/09/2016","9",44.817926957187,44.4443124094983,1,0,1,0,4,0.712685569990159,0,4088170,0,-0.239751819029424,0.391959753416843,1,0,0,0.578386906611026,0,0,0.421613093388974,0,0,0,0,0,0,0,0.578386906611026,0,0,0.421613093388974,0,0,0,181
"182",1,"09/08/2016","9",44.4443124094983,44.5206965667684,1,0,1,0,8,0.521746238483297,0,4720598,0,-0.131327591429047,0.306104109049046,1,0,0,0.68730296458203,0,0,0,0.31269703541797,0,0,0,0,0.332912059023031,0,0,0.271916608870317,0.116249466698922,0,0,0,0.27892186540773,182
"183",1,"09/07/2016","9",44.5206965667684,44.1183755920977,1,0,1,0,14,0.452088678678823,0,7965741,0,-0.38884913529994,0.510022352941139,1,0,0,0.217804847031808,0,0,0.0976426424107939,0.684552510557398,0,0,0,0,0.217804847031808,0,0.0628978521897712,0,0.511941450268092,0.0976426424107939,0,0,0.109713208099535,183
"184",1,"09/06/2016","9",44.1183755920977,43.5809456515376,1,0,1,0,6,0.470685745589312,0,6761622,0,-0.38884913529994,0.510022352941139,1,0,0,0.745956517533811,0,0,0,0.254043482466189,0,0,0.281301882891413,0,0.622162847908386,0,0,0.0965352692002008,0,0,0,0,0,184
"185",1,"09/05/2016","9",43.5809456515376,42.7450995920731,1,0,1,0,11,0.562500232133144,0,5072294,0,-0.38884913529994,0.510022352941139,1,0,0,0.341928918158135,0,0,0,0.658071081841865,0,0,0.838610301374487,0,0,0,0,0,0,0,0,0.0689055090260935,0.0924841895994199,185
"186",1,"09/04/2016","9",42.7450995920731,42.4065865606788,1,0,1,0,6,0.542443759235661,0,2759071,0,-0.38884913529994,0.510022352941139,1,0,0,0,0,0.655007428224935,0,0.344992571775065,0,0,0.344992571775065,0,0,0,0,0,0.655007428224935,0,0,0,0,186
"187",1,"09/03/2016","8",42.4065865606788,42.4037428383153,0,1,1,0,0,0,0,0,0,0,0,0,0,0,0,0,0,0,0,0,0,0,0,0,0,0,0,0,0,0,0,0,187
"188",1,"09/02/2016","8",42.4037428383153,43.3358976008947,1,0,1,0,2,0.556616402534121,0,962648,0,-0.38884913529994,0.510022352941139,1,0,0,0.632891773524694,0,0,0,0.367108226475306,0,0,0,0,0,0,0,0.632891773524694,0,0,0,0.367108226475306,0,188
"189",1,"09/01/2016","8",43.3358976008947,42.3902161029634,1,0,1,0,9,0.380969538561451,0,7088576,0,-0.38884913529994,0.510022352941139,1,0,0,0.204658312191334,0.225160173213915,0,0.194998826280483,0.254317651387246,0,0.120865036927022,0,0.166929860101662,0,0,0.137635259888587,0.325523349118356,0.0757935021081808,0,0,0.253229139392736,0.0408888893904784,189
"190",1,"08/31/2016","8",42.3902161029634,41.8337296370632,1,0,1,0,2,0.695312436491048,0,1109831,1674525,-0.38884913529994,0.510022352941139,1,0,0,0,0,0,1,0,0,0,0,0.808159080076156,0,0,0,0,0,0,0,0.191840919923844,0,190
"191",1,"08/30/2016","8",41.8337296370632,42.3078292163046,0,1,1,0,0,0,0,0,0,0,0,0,0,0,0,0,0,0,0,0,0,0,0,0,0,0,0,0,0,0,0,0,191
"192",1,"08/29/2016","8",42.3078292163046,43.6072123722353,1,0,1,0,5,0.40777671809254,0,3505758,0,-0.38884913529994,0.510022352941139,1,0,0,0.467290668665664,0,0,0.283959417620954,0.248749913713382,0,0,0.112347172851064,0,0,0,0.248749913713382,0.283959417620954,0,0,0,0,0.3549434958146,192
"193",1,"08/28/2016","8",43.6072123722353,44.197230240386,1,0,1,0,1,0.583333333333333,0,665566,0,-0.38884913529994,0.510022352941139,1,0,0,0,0,1,0,0,0,0,0,0,0,0,0,0,1,0,0,0,0,193
"194",1,"08/27/2016","7",44.197230240386,44.6620042638308,1,0,1,0,3,0.612261574744267,0,1024837,0,-0.38884913529994,0.510022352941139,1,0,0,0,0,0,0,1,0,0,0.252462586733305,0,0.460801083489374,0,0,0,0.286736329777321,0,0,0,0,194
"195",1,"08/26/2016","7",44.6620042638308,43.6429170825713,1,0,1,0,3,0.580666671187391,0,3033648,0,-0.38884913529994,0.510022352941139,1,0,0,0.66216021107261,0,0,0.33783978892739,0,0,0,0,0.33783978892739,0,0,0.430316239721945,0.231843971350664,0,0,0,0,0,195
"196",1,"08/25/2016","7",43.6429170825713,44.296378537898,1,0,1,0,8,0.472875176577172,0,5842471,1199856,-0.38884913529994,0.510022352941139,1,0,0,0.216623411566784,0.171630633682221,0,0.373075022537553,0.059801580529882,0,0.17886935168356,0,0.32493871171975,0,0,0,0.314996685477771,0,0,0,0.219766944500024,0.140297658302455,196
"197",1,"08/24/2016","7",44.296378537898,45.2648548585106,1,0,1,0,2,0.5,0,1654848,1918614,-0.490908684952335,0.477723535228677,1,0,0,0,0,0,0.566062260703098,0,0,0.433937739296902,0,0.566062260703098,0,0,0,0.433937739296902,0,0,0,0,0,197
"198",1,"08/23/2016","7",45.2648548585106,44.2063221831107,1,0,1,0,1,0.785714285714286,0,328695,0,-0.625239436485431,0.435211840127897,1,0,0,0,0,1,0,0,0,0,0,0,0,0,0,0,1,0,0,0,0,198
"199",1,"08/22/2016","7",44.2063221831107,43.5374685587646,1,0,1,0,2,0.316418743622925,0,1168960,0,-0.625239436485431,0.435211840127897,1,0,0.258008828360252,0,0,0,0.741991171639748,0,0,0,0,0,0,0,0,0.741991171639748,0,0,0,0.258008828360252,0,199
"200",1,"08/21/2016","7",43.5374685587646,43.0691769572534,1,0,1,0,2,0.212948762959938,0,23074833,0,0.0453659643365635,0.369225082325871,1,0,0,0,0,0,0,0,1,0,0,0,0,0,0,0,0,0,1,0,0,200
"201",1,"08/20/2016","6",43.0691769572534,43.5699631304386,1,0,1,0,3,0.224945753108418,0,16340414,0,-0.00213176565198233,0.344881929292411,0.0788166077065122,0,0,0.0788166077065122,0,0,0,0,0.921183392293488,0,0,0,0.0423057212626314,0,0.0365108864438808,0,0,0,0.921183392293488,0,0,201
"202",1,"08/19/2016","6",43.5699631304386,44.5320283133124,1,0,1,0,4,0.216581073160638,0,30283107,1881427,0.0150170667563299,0.372211377025751,1,0,0,0.0204484632306718,0,0,0.0247051268550483,0,0.95484640991428,0,0,0.0247051268550483,0,0,0,0.0204484632306718,0,0,0.95484640991428,0,0,202
"203",1,"08/18/2016","6",44.5320283133124,43.9882473175133,1,0,1,0,6,0.607318422203042,0,17008752,1940129,-0.0547100844730981,0.352504038717959,0.156978301523827,0,0,0,0,0,0.0672519065478761,0.0464790714803767,0.843021698476173,0.0432473234955745,0,0.0513932474293234,0,0,0,0.0432473234955745,0,0,0.843021698476173,0.0158586591185526,0.0464790714803767,203
"204",1,"08/17/2016","6",43.9882473175133,44.2040840037442,1,0,1,0,2,0.498970713753009,0,29851657,820708,0.0453659643365635,0.369225082325871,1,0,0,0,0,0,0,0,1,0,0,0,0,0,0,0,0,0,1,0,0,204
"205",1,"08/16/2016","6",44.2040840037442,45.5199863364606,1,0,1,0,1,0.6,0,16089361,0,0.0513150094667338,0.337133922556335,0,0,0,0,0,0,0,0,1,0,0,0,0,0,0,0,0,0,1,0,0,205
"206",1,"08/15/2016","6",45.5199863364606,45.6249502104442,1,0,1,0,6,0.609840513713376,0,34466214,0,0.0113192993938031,0.35702529308812,0.506231638902956,0,0.00886410094244758,0.019313638567903,0,0,0,0.0267221401224979,0.945100120367151,0,0,0,0,0,0.046035778690401,0,0,0,0.945100120367151,0.00886410094244758,0,206
"207",1,"08/14/2016","6",45.6249502104442,46.3194467864864,1,0,1,0,2,0.247164132513148,0,31991945,0,0.0453659643365635,0.369225082325871,1,0,0,0,0,0,0,0,1,0,0,0,0,0,0,0,0,0,1,0,0,207
"208",1,"08/13/2016","5",46.3194467864864,45.731273518875,1,0,1,0,6,0.512686055278514,0,48300587,0,0.0449970099802598,0.361846905781152,0.713189634734667,0,0,0.0127135307900088,0,0,0.0367913748128982,0,0.950495094397093,0,0,0.0169724438338607,0,0,0.0127135307900088,0,0,0.0198189309790376,0.950495094397093,0,0,208
"209",1,"08/12/2016","5",45.731273518875,44.2344648620701,1,0,1,0,5,0.55356747823291,0,4027355,1471887,-0.625239436485431,0.435211840127897,1,0,0,0.589009411884475,0,0,0.410990588115525,0,0,0,0,0.410990588115525,0,0,0.461299289484041,0.127710122400434,0,0,0,0,0,209
"210",1,"08/11/2016","5",44.2344648620701,44.8414479728794,1,0,1,0,4,0.629800628967663,0,21096185,0,0.0354357803339496,0.350343050728748,0.187179388121596,0,0,0,0,0,0.131098442680513,0.0560809454410833,0.812820611878404,0,0,0,0,0.131098442680513,0.0560809454410833,0,0,0,0.812820611878404,0,0,210
"211",1,"08/10/2016","5",44.8414479728794,44.9605851922211,1,0,1,0,2,0.722223940200787,0,38546594,0,0.0453659643365635,0.369225082325871,1,0,0,0,0,0,0,0,1,0,0,0,0,0,0,0,0,0,1,0,0,211
"212",1,"08/09/2016","5",44.9605851922211,45.1057036169449,1,0,1,0,1,0.6,0,18020008,0,0.0513150094667338,0.337133922556335,0,0,0,0,0,0,0,0,1,0,0,0,0,0,0,0,0,0,1,0,0,212
"213",1,"08/08/2016","5",45.1057036169449,45.0311398886617,1,0,1,0,8,0.564918361198795,0,23022871,0,-0.557869205112764,0.42727180782341,0.958345334081054,0,0.0137078907317858,0.020735771833148,0,0.043977182515595,0,0.0301342521530004,0.891444902766471,0,0,0,0.0301342521530004,0,0,0,0,0,0.791515445662706,0.157614530351145,0.020735771833148,213
"214",1,"08/07/2016","5",45.0311398886617,44.6525874887116,1,0,1,0,3,0.580085689046888,0,14987113,0,0.0333378990432962,0.342740496993249,0.121705027512637,0,0,0,0,0.0258223848715893,0,0,0.974177615128411,0,0,0,0,0,0,0,0.0258223848715893,0,0.878294972487363,0.0958826426410477,0,214
"215",1,"08/06/2016","4",44.6525874887116,44.5543099681058,1,0,1,0,1,0.5,0,348574,0,-0.625239436485431,0.435211840127897,1,0,0,0,1,0,0,0,0,0,0,0,0,0,0,0,0,0,0,1,0,215
"216",1,"08/05/2016","4",44.5543099681058,45.1790553298552,1,0,1,0,1,0.375,0,301676,0,0.20121411485852,0.395932250116454,1,0,0,0,0,0,1,0,0,0,0,0,0,0,0,0,0,0,0,1,0,216
"217",1,"08/04/2016","4",45.1790553298552,44.7931079965333,1,0,1,0,4,0.619482427406995,0,4283792,0,0.20121411485852,0.395932250116454,1,0,0,0,0,0,0.293029166682229,0.706970833317771,0,0,0,0.293029166682229,0,0,0.60641296309438,0,0.100557870223391,0,0,0,0,217
"218",1,"08/03/2016","4",44.7931079965333,43.6920657546954,1,0,1,0,2,0.37540941618918,0,1805111,0,0.20121411485852,0.395932250116454,1,0,0,0,0,0,0.631141242837698,0,0,0.368858757162302,0,0.631141242837698,0,0,0,0.368858757162302,0,0,0,0,0,218
"219",1,"08/02/2016","4",43.6920657546954,43.1018981894534,0,1,1,0,0,0,0,0,1741917,0,0,0,0,0,0,0,0,0,0,0,0,0,0,0,0,0,0,0,0,0,0,0,219
"220",1,"08/01/2016","4",43.1018981894534,42.1136732870818,1,0,1,0,2,0.309942076436629,0,1528050,0,0.20121411485852,0.395932250116454,1,0,0,0.421051012728641,0,0,0.578948987271359,0,0,0,0,0,0,0,0,0.578948987271359,0,0,0,0,0.421051012728641,220
"221",1,"07/31/2016","4",42.1136732870818,41.8854907769462,1,0,1,0,1,0.555555555555556,0,348457,0,0.20121411485852,0.395932250116454,1,0,0,0,0,0,0,0,0,1,1,0,0,0,0,0,0,0,0,0,0,221
"222",1,"07/30/2016","3",41.8854907769462,41.6571909495476,1,0,1,0,1,0.3,0,1098329,0,0.20121411485852,0.395932250116454,1,0,0,1,0,0,0,0,0,0,0,0,1,0,0,0,0,0,0,0,0,222
"223",1,"07/29/2016","3",41.6571909495476,40.5324210323967,1,0,1,0,3,0.306841038947457,0,2851651,6981568,0.268240588713565,0.373837557691845,0.761569350527116,0,0,0.238430649472884,0,0,0.761569350527116,0,0,0,0,0,0,0,0,0.238430649472884,0,0.665022823620422,0,0.0965465269066937,0,223
"224",1,"07/28/2016","3",40.5324210323967,40.1230637804212,1,0,1,0,8,0.483058278132046,0,8291611,0,0.269317184050609,0.392671865224096,0.828579030058212,0,0,0,0,0,0.498099464627561,0.407253548194675,0,0.0946469871777632,0,0.280800799748083,0,0,0.171420969941788,0.0946469871777632,0.104164196800839,0.217298664879479,0,0,0.131668381452048,224
"225",1,"07/27/2016","3",40.1230637804212,40.3902303016551,1,0,1,0,2,0.476578908449488,0,1029280,0,0.20121411485852,0.395932250116454,1,0,0,0,0,0,0.258469026892585,0.741530973107415,0,0,0,0,0,0,0,0,0,0,0,0.258469026892585,0.741530973107415,225
"226",1,"07/26/2016","3",40.3902303016551,41.1033664820548,0,1,1,0,0,0,0,0,0,0,0,0,0,0,0,0,0,0,0,0,0,0,0,0,0,0,0,0,0,0,0,0,226
"227",1,"07/25/2016","3",41.1033664820548,41.3452271399748,1,0,1,0,6,0.539603826072414,0,4058477,0,0.399587331221034,0.394668631535494,0.772493721166832,0,0,0.597571946323707,0,0,0.216403098995017,0.186024954681276,0,0,0.111360985906782,0,0.186024954681276,0,0.227506278833168,0.216403098995017,0,0,0,0.100404905584041,0.158299775999716,227
"228",1,"07/24/2016","3",41.3452271399748,41.6869804539429,1,0,1,0,2,0.576867030231961,0,1184452,0,-0.278971249309983,0.455236863795533,1,0,0,0,0,1,0,0,0,0,0,0,0,0,0,0,1,0,0,0,0,228
"229",1,"07/23/2016","2",41.6869804539429,42.2989629560148,1,0,1,0,3,0.297087893971623,0,2754041,0,0.20121411485852,0.395932250116454,1,0,0,0,0,0,0.402499817540843,0.597500182459157,0,0,0,0,0.597500182459157,0,0,0,0,0.402499817540843,0,0,0,229
"230",1,"07/22/2016","2",42.2989629560148,43.1949165048119,1,0,1,0,2,0.155434998345931,0,3771074,0,0.20121411485852,0.395932250116454,1,0,0,0,0,0,1,0,0,0,0,0,0,0,0,0,0,1,0,0,0,230
"231",1,"07/21/2016","2",43.1949165048119,43.3908904886624,1,0,1,0,3,0.33878591427529,0,2195554,0,0.0313088357960518,0.416916161099005,1,0,0,0,0,0,0.646729709221454,0.353270290778546,0,0,0,0,0,0,0,0,0.353270290778546,0.646729709221454,0,0,0,231
"232",1,"07/20/2016","2",43.3908904886624,42.6288857179841,1,0,1,0,4,0.211359056605007,0,4079380,0,0.249335430280528,0.383999693072543,1,0,0,0.185173972515431,0,0,0.814826027484569,0,0,0,0,0,0,0,0,0.185173972515431,0,0.744931092469934,0,0.0698949350146346,0,232
"233",1,"07/19/2016","2",42.6288857179841,42.1382391780295,0,1,1,0,0,0,0,0,0,0,0,0,0,0,0,0,0,0,0,0,0,0,0,0,0,0,0,0,0,0,0,0,233
"234",1,"07/18/2016","2",42.1382391780295,42.2427819184607,1,0,1,0,1,0.625,0,440289,0,0.20121411485852,0.395932250116454,1,0,0,1,0,0,0,0,0,0,0,0,0,0,0,0,0,0,0,0,1,234
"235",1,"07/17/2016","2",42.2427819184607,41.7567945091362,1,0,1,0,2,0.277208637193031,0,733049,0,-0.0286187190200922,0.424317428926602,1,0,0,0.477521966471546,0,0,0,0.522478033528454,0,0,0,0,0.477521966471546,0,0,0,0,0,0,0.522478033528454,0,235
"236",1,"07/16/2016","1",41.7567945091362,41.800943854596,1,0,1,0,4,0.185782366801986,0,3875853,0,-0.150963217568416,0.449093448873961,0.9054824834688,0,0,0.375474766457861,0.0945175165311997,0,0.31419483659468,0.215812880416259,0,0,0,0,0.59128764687412,0,0,0,0,0.31419483659468,0,0.0945175165311997,0,236
"237",1,"07/15/2016","1",41.800943854596,40.308316017396,1,0,1,0,2,0.612047609933984,0,4065076,0,-0.278971249309983,0.455236863795533,1,0,0,0,0,0,1,0,0,0,0,1,0,0,0,0,0,0,0,0,0,237
"238",1,"07/14/2016","1",40.308316017396,39.9575616834787,1,0,1,0,3,0.470169464749217,0,2188046,2334397,-0.278971249309983,0.455236863795533,1,0,0,0,0,0,0.530558315501594,0.469441684498406,0,0,0,0,0,0,0,0,0.469441684498406,0.530558315501594,0,0,0,238
"239",1,"07/13/2016","1",39.9575616834787,40.331438156071,1,0,1,0,4,0.413390808593108,0,3514074,2361239,0.29845280259175,0.402178271545085,0.743823550670817,0,0,0,0,0,0.743823550670817,0.256176449329183,0,0,0,0.327039783453621,0,0,0.256176449329183,0,0,0.339011358326546,0,0.0777724088906494,0,239
"240",1,"07/12/2016","1",40.331438156071,40.1879679886396,1,0,1,0,4,0.768910383063967,0,4097079,3074691,1.07236184225555,0.390383121684275,0,0,0,0.459853715293261,0,0,0.540146284706739,0,0,0,0,0,0,0,0.459853715293261,0,0,0.540146284706739,0,0,0,240
"241",1,"07/11/2016","1",40.1879679886396,40.3210174038008,1,0,1,0,4,0.340046015754261,0,2413922,1242711,1.07236184225555,0.390383121684275,0,0,0.129068793440716,0.222483576519871,0,0,0.317320526512456,0.331127103526957,0,0,0,0,0.331127103526957,0,0,0.317320526512456,0,0,0,0.129068793440716,0.222483576519871,241
"242",1,"07/10/2016","1",40.3210174038008,NA,1,0,1,0,1,0.2,0,373407,0,1.07236184225555,0.390383121684275,0,NA,NA,NA,NA,NA,NA,NA,NA,NA,NA,NA,NA,NA,NA,NA,NA,NA,NA,NA,NA,242
