"DEM","WEEK","Vote_Share","Lagged_VS","ad_day","no_ad_day","before_oct","after_oct","TOT_INSTANCE","POSITION","LENGTH","tot_audience","comp_audience","Weighted_Slant","Weighted_Cosine","NEG","AWARDS","COMEDY","DOCUMENTARY","DRAMA_ADVENTURE","MOVIE","NEWS_POLITICAL","SLICE_OF_LIFE","SPORTS","SUSPENSE_MYSTERY","ANE","CNN","DISC","FNEW","HIST","ID","LIFE","MSNB","NBC","OTHERS","TLC"
0,"17",46.5899869662439,48.0113141597507,1,0,0,1,14,0.594871189786714,0,61823115,43027686,0.0482284883859312,0.325629338342852,1,0,0,0.0279875253778461,0,0,0.206142589224111,0.0641164392962082,0.701753446101834,0,0,0,0.0115248479472443,0,0.0130300293021469,0.0103274640884724,0,0,0.684512208742636,0.249071839877366,0.0315336100421339
0,"17",48.0113141597507,48.2977127384455,1,0,0,1,11,0.45081582619805,0,4444910,836623,0.0565634906811168,0.351297564518211,1,0,0,0.369457649311235,0,0,0.18333442071943,0.447207929969336,0,0,0,0.395902954165551,0.244596403526731,0,0,0.103865320107719,0,0,0,0.0530237957573944,0.202611526442605
0,"17",48.2977127384455,47.8045641341573,1,0,0,1,8,0.530468412349678,0,11837357,5130695,0.0884989945541681,0.302710615723396,0.893662157861759,0,0,0.0263129683425109,0,0,0.723144786458666,0.250542245198823,0,0,0,0.317592516640328,0.250542245198823,0.405552269818339,0,0,0,0,0,0,0.0263129683425109
0,"17",47.8045641341573,47.2839090541193,1,0,0,1,4,0.59043783225056,0,10533905,3037059,0.238153760837855,0.370342182531152,0.776268914519354,0,0.74398497043594,0,0,0,0.223731085480646,0.0322839440834145,0,0,0,0.223731085480646,0,0,0,0,0,0,0,0.74398497043594,0.0322839440834145
0,"17",47.2839090541193,47.7678181528657,1,0,0,1,3,0.810679042729973,0,22459215,29809410,-0.74979157184009,0.406350216140238,1,0,0,0,0,0,0.0438269547711262,0.00888975861355795,0.947283286615316,0,0,0.0438269547711262,0,0,0,0,0,0,0,0.947283286615316,0.00888975861355795
0,"17",47.7678181528657,47.6052553589199,1,0,0,1,9,0.350485657192979,0,9582304,24996980,-0.181811109137064,0.386418408283376,0.79393411020982,0,0,0.0143319393749144,0,0,0.872922733405244,0.112745327219842,0,0,0,0.334631420585279,0,0.538291312819965,0,0,0.0419383480215197,0,0,0.0143319393749144,0.0708069791983222
0,"17",47.6052553589199,47.3967503256121,1,0,0,1,3,0.512096046759303,0,7363644,3386819,-0.387165892633387,0.399884542712478,0.559697209696721,0,0,0,0,0,0.33166350790451,0.108639282398769,0.559697209696721,0,0,0,0,0.33166350790451,0,0,0,0,0,0.66833649209549,0
0,"17",47.3967503256121,46.7694353257233,1,0,0,1,5,0.249199957983929,0,24828018,9972644,-0.729568041305804,0.399262196680739,0.950436035611058,0,0,0,0,0.0231445780327693,0.268208722903294,0.0515143415797427,0.657132357484194,0,0,0,0,0,0,0,0,0,0.657132357484194,0.291353300936063,0.0515143415797427
0,"17",46.7694353257233,45.4886975302048,1,0,0,1,5,0.528912508874588,0,1700925,791833,-0.260765005269516,0.359743296863127,0.768405426459133,0,0,0.768405426459133,0,0.231594573540867,0,0,0,0,0,0.46041830180637,0,0,0,0,0.440067022355483,0,0,0.0995146758381469,0
0,"16",45.4886975302048,46.3228158970267,1,0,0,1,5,0.722205072572941,0.207690166933801,22705827,4103758,-0.622260048690923,0.386904553657333,1,0,0,0,0,0.01372867854582,0.191109224957981,0,0.587471929562398,0.207690166933801,0,0,0,0.191109224957981,0,0,0,0,0,0.808890775042019,0
0,"16",46.3228158970267,45.3817977035825,0,1,0,1,0,0,0,0,4933905,0,0,0,0,0,0,0,0,0,0,0,0,0,0,0,0,0,0,0,0,0,0,0
0,"16",45.3817977035825,45.0524612442884,1,0,0,1,5,0.641089150827596,0,16042345,6579545,-0.731524906086009,0.405641480088959,1,0,0,0,0,0,0.0571493132705973,0.0587497027398426,0.88410098398956,0,0,0.0571493132705973,0,0,0,0,0.0418423865089549,0,0,0.88410098398956,0.0169073162308877
0,"16",45.0524612442884,45.2000067907394,1,0,0,1,8,0.526825995559546,0.0540089255007925,18775193,5910556,-0.490876857134892,0.349734212543436,0.985231842889711,0,0,0,0,0,0.218178689294965,0.420894261912514,0,0.360927048792521,0,0.10723042900278,0.0264495816367906,0.110948260292184,0.0188684611657521,0,0,0,0.360808061999682,0.360927048792521,0.0147681571102891
0,"16",45.2000067907394,43.6476399140951,1,0,0,1,1,0.428571428571429,0,7570287,3965566,-0.525248947200406,0.324656884939182,1,0,0,0,0,0,0,1,0,0,0,0,0,0,0,0,0,0,1,0,0
0,"16",43.6476399140951,43.8066827423447,1,0,0,1,5,0.4181430493119,0.279087097577428,27043898,13741629,-0.445562765024517,0.351472695921894,1,0,0,0,0.207951124501357,0.0165685434843749,0.471154676001218,0.025238558435622,0.279087097577428,0,0,0,0,0,0,0,0,0,0.279087097577428,0.69567434398695,0.025238558435622
0,"16",43.8066827423447,44.3093677261448,1,0,0,1,6,0.372501443925323,0.322508821934682,21373713,1012870,-0.366006545215897,0.331320812982954,0.956230721353842,0,0,0,0,0,0,0.0667677628121983,0.933232237187802,0,0,0,0,0,0,0,0,0,0,0.933232237187802,0.0667677628121983
0,"15",44.3093677261448,44.5972490610295,1,0,0,1,1,0.5,0,1310059,4699288,-0.794929081186365,0.406864248900436,1,0,0,0,0,0,1,0,0,0,0,1,0,0,0,0,0,0,0,0,0
0,"15",44.5972490610295,44.6563301876828,1,0,0,1,1,0.571428571428571,0,330043,2984457,0.293415994960333,0.216552856052065,0,0,0,0,0,0,0,1,0,0,0,0,0,0,0,0,0,0,0,0,1
0,"15",44.6563301876828,44.6354823087175,1,0,0,1,1,0.615384615384615,0,538400,2080934,0.293415994960333,0.216552856052065,0,0,0,0,0,0,0,1,0,0,0,0,0,0,0,0,1,0,0,0,0
0,"15",44.6354823087175,43.8374114019591,1,0,0,1,2,0.399884708565056,0,973256,9132654,-0.00544387360175494,0.357955167416176,0.57101009395267,0,0,0,0,0,0,1,0,0,0,0,0,0,0,0,0.42898990604733,0,0,0,0.57101009395267
0,"15",43.8374114019591,44.5590878225474,1,0,0,1,2,0.575610678248977,0,14136764,0,-0.0665949244378888,0.421966695814063,1,0,0,0,0,0,0,1,0,0,0,0,0,0,0,0,0,0,0.541723551443598,0.458276448556402,0
0,"15",44.5590878225474,44.4446486878907,1,0,0,1,3,0.520594557724875,0,6009682,1730789,0.260770401189181,0.361512503700168,0.809798588344608,0,0,0,0.809798588344608,0.08799034624461,0,0.102211065410782,0,0,0,0,0,0,0,0,0,0,0,0.897788934589218,0.102211065410782
0,"15",44.4446486878907,44.483066181868,1,0,0,1,2,0.308779466993711,0,918356,1440653,0.272629237970383,0.308854469253925,0.515631193132075,0,0,0,0,0,0,1,0,0,0,0,0,0,0,0,0,0,0,0,1
0,"14",44.483066181868,44.4882803881312,1,0,0,1,1,0.375,0,1315670,1940154,-0.337046380723979,0.444305792474953,1,0,0,0,0,0,1,0,0,0,0,1,0,0,0,0,0,0,0,0,0
0,"14",44.4882803881312,43.8502835277404,1,0,0,1,2,0.388918432319477,0,2005522,3034260,0.258631855000522,0.391827586428361,0.684154549289412,0,0,0,0,0,0.684154549289412,0.315845450710588,0,0,0,0.684154549289412,0,0,0,0,0,0,0,0.315845450710588,0
0,"14",43.8502835277404,44.4475084376254,1,0,0,1,2,0.620758374099624,0,578092,3338717,0.397647094977942,0.307232568940804,0.423697266179086,0,0,0,0,0,0,1,0,0,0,0,0,0,0,0,0,0,0,0,1
0,"14",44.4475084376254,43.6571119566453,0,1,0,1,0,0,0,0,3434797,0,0,0,0,0,0,0,0,0,0,0,0,0,0,0,0,0,0,0,0,0,0,0
0,"14",43.6571119566453,45.044262914237,1,0,0,1,5,0.438913477028135,0.188095442682339,9286998,4036752,0.0222312578201982,0.403030966146655,0.590204821838015,0,0,0,0,0,1,0,0,0,0,0.55718554047282,0,0.44281445952718,0,0,0,0,0,0,0
0,"14",45.044262914237,45.6870015078627,1,0,0,1,2,0.258944449558321,0,11124416,5993106,-0.130480068975422,0.386377306318962,0,0,0,0,0,0,0.933899990795022,0.0661000092049776,0,0,0,0,0,0,0,0,0,0,0,1,0
0,"14",45.6870015078627,45.2418750300017,1,0,0,1,1,0.454545454545455,0,462259,2419755,-0.349584237728565,0.307901124483977,0,0,0,0,0,0,0,1,0,0,0,0,0,0,0,0,0,0,0,0,1
0,"13",45.2418750300017,46.2897679209841,1,0,0,1,1,0.375,0,1635852,5797145,-0.160482782332614,0.39839722048163,0,0,0,0,0,0,1,0,0,0,0,1,0,0,0,0,0,0,0,0,0
0,"13",46.2897679209841,45.542168286736,1,0,0,1,2,0.792140627707931,0,703272,3822701,-0.109632899504341,0.371491817915134,1,0,0,0,0,0,0,1,0,0,0.426887463172144,0,0.573112536827856,0,0,0,0,0,0,0,0
0,"13",45.542168286736,46.8280466428609,1,0,0,1,6,0.430598034822159,0,7493198,3832311,0.13394296171964,0.410115318038991,0.953171529699335,0,0,0.0545482716458313,0,0,0.898623258053504,0.0468284703006647,0,0,0,0.125374906682033,0,0.773248351371471,0,0,0,0,0,0,0.101376741946496
0,"13",46.8280466428609,46.7399537484257,1,0,0,1,1,0.428571428571429,0,2832767,6464509,0.211124250874788,0.436226179068896,1,0,0,0,0,0,0,0,1,0,0,0,0,0,0,0,0,0,0,1,0
0,"13",46.7399537484257,46.6121905121236,1,0,0,1,2,0.433371331848442,0,2564647,2625851,0.195110769575129,0.40764483746853,0.676712623608629,0,0,0,0,0,1,0,0,0,0,0.323287376391371,0,0.676712623608629,0,0,0,0,0,0,0
0,"13",46.6121905121236,47.3385678797091,1,0,0,1,1,0.75,0,12026344,4610053,0.211124250874788,0.436226179068896,1,0,0,0,0,0,0,0,1,0,0,0,0,0,0,0,0,0,1,0,0
0,"13",47.3385678797091,46.7073241897672,0,1,0,1,0,0,0,0,754304,0,0,0,0,0,0,0,0,0,0,0,0,0,0,0,0,0,0,0,0,0,0,0
0,"12",46.7073241897672,46.3727020875832,0,1,0,1,0,0,0,0,4208392,0,0,0,0,0,0,0,0,0,0,0,0,0,0,0,0,0,0,0,0,0,0,0
0,"12",46.3727020875832,47.1320917379402,1,0,1,0,3,0.44101951282374,0,2187601,2325680,-0.0482135103102356,0.350435630579599,0.177276843446314,0,0,0,0,0,0.822723156553686,0.177276843446314,0,0,0,0.822723156553686,0,0,0,0,0,0,0,0,0.177276843446314
0,"12",47.1320917379402,47.1935503618066,0,1,1,0,0,0,0,0,6445224,0,0,0,0,0,0,0,0,0,0,0,0,0,0,0,0,0,0,0,0,0,0,0
0,"12",47.1935503618066,46.9122126827152,0,1,1,0,0,0,0,0,6932701,0,0,0,0,0,0,0,0,0,0,0,0,0,0,0,0,0,0,0,0,0,0,0
0,"12",46.9122126827152,46.2551061164492,1,0,1,0,5,0.318588251636403,0,10848796,1650819,0.0992582656238503,0.360555228609156,0.35801696335704,0,0,0,0,0,1,0,0,0,0,0,0,0.773647877607801,0,0,0,0.226352122392199,0,0,0
0,"12",46.2551061164492,46.1379318983469,1,0,1,0,1,0.272727272727273,0,604807,3462475,-0.0567739958595188,0.346386145516069,0,0,0,0,0,0,1,0,0,0,0,1,0,0,0,0,0,0,0,0,0
0,"12",46.1379318983469,46.2937558057808,0,1,1,0,0,0,0,0,501347,0,0,0,0,0,0,0,0,0,0,0,0,0,0,0,0,0,0,0,0,0,0,0
0,"11",46.2937558057808,45.2400084972036,1,0,1,0,3,0.439438890307743,0,4960967,1454799,-0.06916656711014,0.354662965614714,0.676032918582204,0,0,0,0,0,1,0,0,0,0,0,0,1,0,0,0,0,0,0,0
0,"11",45.2400084972036,44.8938986074063,1,0,1,0,4,0.572048784524324,0,4708081,1887969,-0.0567739958595188,0.346386145516069,0,0,0,0,0,0,1,0,0,0,0,0.63988533757172,0,0.36011466242828,0,0,0,0,0,0,0
0,"11",44.8938986074063,44.8308499365137,1,0,1,0,1,0.375,0,1992120,6550791,-0.0567739958595188,0.346386145516069,0,0,0,0,0,0,1,0,0,0,0,0,0,1,0,0,0,0,0,0,0
0,"11",44.8308499365137,46.0715563164931,0,1,1,0,0,0,0,0,3453635,0,0,0,0,0,0,0,0,0,0,0,0,0,0,0,0,0,0,0,0,0,0,0
0,"11",46.0715563164931,47.4788871284138,0,1,1,0,0,0,0,0,2435476,0,0,0,0,0,0,0,0,0,0,0,0,0,0,0,0,0,0,0,0,0,0,0
0,"11",47.4788871284138,47.920202593506,0,1,1,0,0,0,0,0,1592537,0,0,0,0,0,0,0,0,0,0,0,0,0,0,0,0,0,0,0,0,0,0,0
0,"11",47.920202593506,47.5613704199056,0,1,1,0,0,0,0,0,8894969,0,0,0,0,0,0,0,0,0,0,0,0,0,0,0,0,0,0,0,0,0,0,0
0,"10",47.5613704199056,47.3415739542179,0,1,1,0,0,0,0,0,2433897,0,0,0,0,0,0,0,0,0,0,0,0,0,0,0,0,0,0,0,0,0,0,0
0,"10",47.3415739542179,47.5176666292241,0,1,1,0,0,0,0,0,3724030,0,0,0,0,0,0,0,0,0,0,0,0,0,0,0,0,0,0,0,0,0,0,0
0,"10",47.5176666292241,47.4217829677455,0,1,1,0,0,0,0,0,6835774,0,0,0,0,0,0,0,0,0,0,0,0,0,0,0,0,0,0,0,0,0,0,0
0,"10",47.4217829677455,47.0784452988865,0,1,1,0,0,0,0,0,6840204,0,0,0,0,0,0,0,0,0,0,0,0,0,0,0,0,0,0,0,0,0,0,0
0,"10",47.0784452988865,46.1876423439045,0,1,1,0,0,0,0,0,1717202,0,0,0,0,0,0,0,0,0,0,0,0,0,0,0,0,0,0,0,0,0,0,0
0,"10",46.1876423439045,44.175507021044,0,1,1,0,0,0,0,0,0,0,0,0,0,0,0,0,0,0,0,0,0,0,0,0,0,0,0,0,0,0,0,0
0,"10",44.175507021044,43.9999365822314,0,1,1,0,0,0,0,0,6422527,0,0,0,0,0,0,0,0,0,0,0,0,0,0,0,0,0,0,0,0,0,0,0
0,"9",43.9999365822314,43.5370367325295,0,1,1,0,0,0,0,0,3663049,0,0,0,0,0,0,0,0,0,0,0,0,0,0,0,0,0,0,0,0,0,0,0
0,"9",43.5370367325295,44.6469209854009,0,1,1,0,0,0,0,0,4080289,0,0,0,0,0,0,0,0,0,0,0,0,0,0,0,0,0,0,0,0,0,0,0
0,"9",44.6469209854009,43.4225224114787,0,1,1,0,0,0,0,0,4726533,0,0,0,0,0,0,0,0,0,0,0,0,0,0,0,0,0,0,0,0,0,0,0
0,"9",43.4225224114787,43.8692032238002,0,1,1,0,0,0,0,0,7954111,0,0,0,0,0,0,0,0,0,0,0,0,0,0,0,0,0,0,0,0,0,0,0
0,"9",43.8692032238002,44.0205291570457,0,1,1,0,0,0,0,0,6759161,0,0,0,0,0,0,0,0,0,0,0,0,0,0,0,0,0,0,0,0,0,0,0
0,"9",44.0205291570457,44.9671467193472,0,1,1,0,0,0,0,0,5078029,0,0,0,0,0,0,0,0,0,0,0,0,0,0,0,0,0,0,0,0,0,0,0
0,"9",44.9671467193472,44.2713692265906,0,1,1,0,0,0,0,0,2763008,0,0,0,0,0,0,0,0,0,0,0,0,0,0,0,0,0,0,0,0,0,0,0
0,"8",44.2713692265906,45.4457986654713,0,1,1,0,0,0,0,0,0,0,0,0,0,0,0,0,0,0,0,0,0,0,0,0,0,0,0,0,0,0,0,0
0,"8",45.4457986654713,44.4715675327534,0,1,1,0,0,0,0,0,957467,0,0,0,0,0,0,0,0,0,0,0,0,0,0,0,0,0,0,0,0,0,0,0
0,"8",44.4715675327534,44.9205635777994,0,1,1,0,0,0,0,0,7097707,0,0,0,0,0,0,0,0,0,0,0,0,0,0,0,0,0,0,0,0,0,0,0
0,"8",44.9205635777994,45.6992891893909,1,0,1,0,1,0.333333333333333,0,1674308,1110230,-0.32458361030575,0.304087901674888,1,0,0,0,0,0,1,0,0,0,0,0,0,1,0,0,0,0,0,0,0
0,"8",45.6992891893909,45.0971835451441,0,1,1,0,0,0,0,0,0,0,0,0,0,0,0,0,0,0,0,0,0,0,0,0,0,0,0,0,0,0,0,0
0,"8",45.0971835451441,44.018996419681,0,1,1,0,0,0,0,0,3509105,0,0,0,0,0,0,0,0,0,0,0,0,0,0,0,0,0,0,0,0,0,0,0
0,"8",44.018996419681,43.8480990265827,0,1,1,0,0,0,0,0,666953,0,0,0,0,0,0,0,0,0,0,0,0,0,0,0,0,0,0,0,0,0,0,0
0,"7",43.8480990265827,43.8888901638712,0,1,1,0,0,0,0,0,1026077,0,0,0,0,0,0,0,0,0,0,0,0,0,0,0,0,0,0,0,0,0,0,0
0,"7",43.8888901638712,45.0964848496225,0,1,1,0,0,0,0,0,3031833,0,0,0,0,0,0,0,0,0,0,0,0,0,0,0,0,0,0,0,0,0,0,0
0,"7",45.0964848496225,43.7519397128919,1,0,1,0,1,0.1,0,1202449,5838467,-0.32458361030575,0.304087901674888,1,0,0,0,0,0,0,1,0,0,0,0,0,0,1,0,0,0,0,0,0
0,"7",43.7519397128919,43.1672506143053,1,0,1,0,1,0.375,0,1913266,1652722,-0.32458361030575,0.304087901674888,1,0,0,0,0,0,1,0,0,0,0,0,0,1,0,0,0,0,0,0,0
0,"7",43.1672506143053,43.9554002974047,0,1,1,0,0,0,0,0,331383,0,0,0,0,0,0,0,0,0,0,0,0,0,0,0,0,0,0,0,0,0,0,0
0,"7",43.9554002974047,44.4775496899499,0,1,1,0,0,0,0,0,1172200,0,0,0,0,0,0,0,0,0,0,0,0,0,0,0,0,0,0,0,0,0,0,0
0,"7",44.4775496899499,44.9086992243906,0,1,1,0,0,0,0,0,23073350,0,0,0,0,0,0,0,0,0,0,0,0,0,0,0,0,0,0,0,0,0,0,0
0,"6",44.9086992243906,43.5791724738345,0,1,1,0,0,0,0,0,16340377,0,0,0,0,0,0,0,0,0,0,0,0,0,0,0,0,0,0,0,0,0,0,0
0,"6",43.5791724738345,43.013517761718,1,0,1,0,1,0.714285714285714,0,1884147,30289993,-0.32458361030575,0.304087901674888,1,0,0,0,0,0,1,0,0,0,0,0,0,1,0,0,0,0,0,0,0
0,"6",43.013517761718,43.2320407182178,1,0,1,0,1,0.583333333333333,0,1943828,17001988,-0.244725628977844,0.451980634655614,1,0,0,0,0,0,1,0,0,0,0,0,0,1,0,0,0,0,0,0,0
0,"6",43.2320407182178,43.3742255860531,1,0,1,0,1,0.857142857142857,0,821657,29849743,-0.32458361030575,0.304087901674888,1,0,0,0,0,0,0,1,0,0,0,0,0,0,1,0,0,0,0,0,0
0,"6",43.3742255860531,42.726610223909,0,1,1,0,0,0,0,0,16087731,0,0,0,0,0,0,0,0,0,0,0,0,0,0,0,0,0,0,0,0,0,0,0
0,"6",42.726610223909,42.5726622426976,0,1,1,0,0,0,0,0,34480119,0,0,0,0,0,0,0,0,0,0,0,0,0,0,0,0,0,0,0,0,0,0,0
0,"6",42.5726622426976,41.5616516604165,0,1,1,0,0,0,0,0,31993358,0,0,0,0,0,0,0,0,0,0,0,0,0,0,0,0,0,0,0,0,0,0,0
0,"5",41.5616516604165,42.092056467244,0,1,1,0,0,0,0,0,48306766,0,0,0,0,0,0,0,0,0,0,0,0,0,0,0,0,0,0,0,0,0,0,0
0,"5",42.092056467244,43.4769435257418,1,0,1,0,1,0.777777777777778,0,1473555,4023780,-0.32458361030575,0.304087901674888,1,0,0,0,0,0,1,0,0,0,0,0,0,1,0,0,0,0,0,0,0
0,"5",43.4769435257418,43.9115402675385,0,1,1,0,0,0,0,0,21093698,0,0,0,0,0,0,0,0,0,0,0,0,0,0,0,0,0,0,0,0,0,0,0
0,"5",43.9115402675385,43.709412377826,0,1,1,0,0,0,0,0,38546306,0,0,0,0,0,0,0,0,0,0,0,0,0,0,0,0,0,0,0,0,0,0,0
0,"5",43.709412377826,43.5439027699252,0,1,1,0,0,0,0,0,18021588,0,0,0,0,0,0,0,0,0,0,0,0,0,0,0,0,0,0,0,0,0,0,0
0,"5",43.5439027699252,44.0122849697149,0,1,1,0,0,0,0,0,23014006,0,0,0,0,0,0,0,0,0,0,0,0,0,0,0,0,0,0,0,0,0,0,0
0,"5",44.0122849697149,43.6099829112562,0,1,1,0,0,0,0,0,14990646,0,0,0,0,0,0,0,0,0,0,0,0,0,0,0,0,0,0,0,0,0,0,0
0,"4",43.6099829112562,44.3087258435783,0,1,1,0,0,0,0,0,348999,0,0,0,0,0,0,0,0,0,0,0,0,0,0,0,0,0,0,0,0,0,0,0
0,"4",44.3087258435783,44.6175311560916,0,1,1,0,0,0,0,0,298008,0,0,0,0,0,0,0,0,0,0,0,0,0,0,0,0,0,0,0,0,0,0,0
0,"4",44.6175311560916,44.7124837959897,0,1,1,0,0,0,0,0,4269722,0,0,0,0,0,0,0,0,0,0,0,0,0,0,0,0,0,0,0,0,0,0,0
0,"4",44.7124837959897,45.0127586858468,0,1,1,0,0,0,0,0,1807011,0,0,0,0,0,0,0,0,0,0,0,0,0,0,0,0,0,0,0,0,0,0,0
0,"4",45.0127586858468,45.7106957551509,1,0,1,0,1,0.8,0,1744560,0,0.370375555137549,0.388738353791624,1,0,0,0,0,0,1,0,0,0,0,0,0,1,0,0,0,0,0,0,0
0,"4",45.7106957551509,46.0073371047807,0,1,1,0,0,0,0,0,1519712,0,0,0,0,0,0,0,0,0,0,0,0,0,0,0,0,0,0,0,0,0,0,0
0,"4",46.0073371047807,45.780954745451,0,1,1,0,0,0,0,0,347264,0,0,0,0,0,0,0,0,0,0,0,0,0,0,0,0,0,0,0,0,0,0,0
0,"3",45.780954745451,46.605827627234,0,1,1,0,0,0,0,0,1096011,0,0,0,0,0,0,0,0,0,0,0,0,0,0,0,0,0,0,0,0,0,0,0
0,"3",46.605827627234,46.4329493136722,1,0,1,0,3,0.27646313403477,0.333242657825136,6984613,2848437,-0.113785754679168,0.328398818211255,0.646046387967379,0,0,0,0,0,1,0,0,0,0,0.312803730142243,0,0.687196269857757,0,0,0,0,0,0,0
0,"3",46.4329493136722,47.104721597193,0,1,1,0,0,0,0,0,8291865,0,0,0,0,0,0,0,0,0,0,0,0,0,0,0,0,0,0,0,0,0,0,0
0,"3",47.104721597193,47.1942812132911,0,1,1,0,0,0,0,0,1028838,0,0,0,0,0,0,0,0,0,0,0,0,0,0,0,0,0,0,0,0,0,0,0
0,"3",47.1942812132911,46.5179721690283,0,1,1,0,0,0,0,0,0,0,0,0,0,0,0,0,0,0,0,0,0,0,0,0,0,0,0,0,0,0,0,0
0,"3",46.5179721690283,45.4167814956272,0,1,1,0,0,0,0,0,4055323,0,0,0,0,0,0,0,0,0,0,0,0,0,0,0,0,0,0,0,0,0,0,0
0,"3",45.4167814956272,44.6612020363389,0,1,1,0,0,0,0,0,1187726,0,0,0,0,0,0,0,0,0,0,0,0,0,0,0,0,0,0,0,0,0,0,0
0,"2",44.6612020363389,44.2413552135751,0,1,1,0,0,0,0,0,2759983,0,0,0,0,0,0,0,0,0,0,0,0,0,0,0,0,0,0,0,0,0,0,0
0,"2",44.2413552135751,42.9572608691973,0,1,1,0,0,0,0,0,3769890,0,0,0,0,0,0,0,0,0,0,0,0,0,0,0,0,0,0,0,0,0,0,0
0,"2",42.9572608691973,43.0629132220793,0,1,1,0,0,0,0,0,2200752,0,0,0,0,0,0,0,0,0,0,0,0,0,0,0,0,0,0,0,0,0,0,0
0,"2",43.0629132220793,42.8365571868491,0,1,1,0,0,0,0,0,4077543,0,0,0,0,0,0,0,0,0,0,0,0,0,0,0,0,0,0,0,0,0,0,0
0,"2",42.8365571868491,43.2169198556208,0,1,1,0,0,0,0,0,0,0,0,0,0,0,0,0,0,0,0,0,0,0,0,0,0,0,0,0,0,0,0,0
0,"2",43.2169198556208,42.9738383677546,0,1,1,0,0,0,0,0,440511,0,0,0,0,0,0,0,0,0,0,0,0,0,0,0,0,0,0,0,0,0,0,0
0,"2",42.9738383677546,42.7237507427754,0,1,1,0,0,0,0,0,730047,0,0,0,0,0,0,0,0,0,0,0,0,0,0,0,0,0,0,0,0,0,0,0
0,"1",42.7237507427754,42.5888945478891,0,1,1,0,0,0,0,0,3882812,0,0,0,0,0,0,0,0,0,0,0,0,0,0,0,0,0,0,0,0,0,0,0
0,"1",42.5888945478891,42.2987893719391,0,1,1,0,0,0,0,0,4065158,0,0,0,0,0,0,0,0,0,0,0,0,0,0,0,0,0,0,0,0,0,0,0
0,"1",42.2987893719391,43.1128660686257,1,0,1,0,1,0.6,0,2332858,2184150,-0.625591827944444,0.387263493936937,1,0,0,0,0,0,1,0,0,0,0,0,0,1,0,0,0,0,0,0,0
0,"1",43.1128660686257,43.4783264241096,1,0,1,0,1,0.625,0,2363830,3517545,-0.625591827944444,0.387263493936937,1,0,0,0,0,0,1,0,0,0,0,0,0,1,0,0,0,0,0,0,0
0,"1",43.4783264241096,43.9591817332503,1,0,1,0,2,0.5,0,3078381,4100660,-0.625591827944444,0.387263493936937,1,0,0,0.296287236700071,0,0,0.703712763299929,0,0,0,0,0,0,0.703712763299929,0.296287236700071,0,0,0,0,0,0
0,"1",43.9591817332503,42.3379188378229,1,0,1,0,1,0.375,0,1242441,2418930,-0.625591827944444,0.387263493936937,1,0,0,1,0,0,0,0,0,0,0,0,0,0,1,0,0,0,0,0,0
0,"1",42.3379188378229,NA,0,1,1,0,0,0,0,0,370559,0,0,0,NA,NA,NA,NA,NA,NA,NA,NA,NA,NA,NA,NA,NA,NA,NA,NA,NA,NA,NA,NA
1,"17",43.8101769215144,43.103420347433,1,0,0,1,11,0.449175530770153,0,43027686,61823115,0.0909238972562022,0.394184396132795,1,0,0,0.0538429373125015,0.102814964299963,0,0.0152206418908979,0.0530266721756778,0.77509478432096,0,0,0,0,0,0.0334755626877076,0.0152206418908979,0,0,0.77509478432096,0.176209011100434,0
1,"17",43.103420347433,42.8907760395843,1,0,0,1,2,0.465600634933536,0,836623,4444910,-0.126568554186998,0.423676436404026,0.503997618999239,0,0,0,0,0,0.496002381000761,0.503997618999239,0,0,0,0,0,0,0,0,0,0,0,0.496002381000761,0.503997618999239
1,"17",42.8907760395843,41.9569671144973,1,0,0,1,6,0.445363832059684,0,5130695,11837357,-0.0507300429165538,0.437006770572379,0.893661579961389,0,0.106338420038611,0.0981810456478118,0,0,0.453992490296149,0.341488044017428,0,0,0,0.205832932965222,0.341488044017428,0,0,0.0981810456478118,0,0.248159557330927,0,0.106338420038611,0
1,"17",41.9569671144973,43.2183423868035,1,0,0,1,4,0.434931354877954,0,3037059,10533905,-0.123827287657072,0.45877976184562,1,0,0,0,0,0,0.388394166856818,0.611605833143182,0,0,0,0.388394166856818,0,0,0,0,0.449141422672395,0,0,0.162464410470788,0
1,"17",43.2183423868035,42.4360322305983,1,0,0,1,12,0.568566517614283,0.833640249840571,29809410,22459215,0.302408684771388,0.34284189347318,0.954578872912949,0,0.00776415903568705,0.00759954658612834,0.0378215805009224,0,0.0361467066942955,0.053278209800194,0.857389797382773,0,0,0.0361467066942955,0,0,0.0200300844599071,0,0,0,0,0.918954786424824,0.0248684224209738
1,"17",42.4360322305983,43.1125931522933,1,0,0,1,10,0.563931221865627,0,24996980,9582304,0.25120149929326,0.383346122875366,0.845963152348804,0,0,0.0527277295097248,0.0654127418592166,0,0.116036177170202,0.0322628173483357,0.733560534112521,0,0.0164119425626616,0.0398220505037008,0,0,0.0316245802492941,0.0211031492604307,0.0158508747856741,0.0762141266665013,0,0.798973275971737,0
1,"17",43.1125931522933,43.674446907814,1,0,0,1,8,0.507851139752586,0,3386819,7363644,0.461494709717408,0.351509242984526,0.74541715987775,0,0.141095818819961,0.135920165795692,0.118662674326558,0,0,0.604321341057789,0,0,0.0874091588596851,0,0,0,0.516912182198104,0,0,0,0,0.395678658942211,0
1,"17",43.674446907814,42.7729002245082,1,0,0,1,6,0.33073243700098,0,9972644,24828018,-0.104825845782008,0.342990553261296,0.930912203423686,0,0,0,0,0.0583024922979302,0.75222157734699,0.178690626076695,0.0107853042783839,0,0,0.0572281533362667,0,0,0,0,0,0,0,0.821309373923305,0.121462472740429
1,"17",42.7729002245082,44.0679207897416,1,0,0,1,2,0.49897733129551,0,791833,1700925,0.346907032773722,0.359805036247275,1,0,0,0.439875579825544,0,0,0,0.560124420174456,0,0,0,0,0,0,0,0,0.439875579825544,0,0,0,0.560124420174456
1,"16",44.0679207897416,44.3056651266121,1,0,0,1,6,0.416141474028099,0,4103758,22705827,0.498766936673412,0.328584382988509,0.471235389611181,0,0,0,0,0.0731015327901889,0.671621718434664,0.255276748775147,0,0,0.100446468821992,0.250396587713018,0.154830279953155,0,0,0,0,0.421225130721646,0,0.0731015327901889,0
1,"16",44.3056651266121,44.2884362635183,1,0,0,1,8,0.47656654425968,0,4933905,0,0.185199866138643,0.334580274051226,0.894718483635173,0,0.0589652617956771,0.0964408516175322,0,0,0.218601087779355,0.625992798807436,0,0,0,0,0.276266365079992,0,0.213600788827511,0.0964408516175322,0.136125644899932,0.218601087779355,0,0.0589652617956771,0
1,"16",44.2884362635183,44.6812236453363,1,0,0,1,10,0.567321026368221,0,6579545,16042345,0.276770954850111,0.326442218542741,0.752592162527956,0,0.0368470768115424,0,0.136201059495755,0,0.144475187873934,0.216622881977401,0.465853793841367,0,0,0,0,0,0,0,0.0800179951653192,0.144475187873934,0,0.693314963268737,0.0821918536920106
1,"16",44.6812236453363,44.4054818222593,1,0,0,1,9,0.513603100266276,0,5910556,18775193,-0.0870122862639227,0.372448159646393,0.943322760159958,0,0.0566772398400421,0.103952149340942,0.266324183376319,0,0.161174853939291,0.411871573503406,0,0,0,0.161174853939291,0,0,0.152454016170391,0.103952149340942,0.063318916189949,0,0,0.445644199970358,0.0734558643890693
1,"16",44.4054818222593,45.2480119730941,1,0,0,1,5,0.602020038609513,0,3965566,7570287,0.146682892775232,0.367326180570569,0.447527793006093,0,0,0.107063405324738,0,0,0.0777515744284675,0.815185020246795,0,0,0,0,0,0,0.485964676921277,0.107063405324738,0,0,0,0.406971917753985,0
1,"16",45.2480119730941,45.5607217438911,1,0,0,1,6,0.376487913232723,0,13741629,27043898,0.412007886787623,0.422736804925971,0.138589173088576,0,0,0,0,0.0317014089086527,0.792593003347711,0.175705587743637,0,0,0,0.0448447560329274,0,0,0,0,0,0,0,0.824294412256363,0.130860831710709
1,"16",45.5607217438911,44.2689586205774,1,0,0,1,2,0.157495126609426,0,1012870,21373713,-0.0677582281709053,0.371328920770784,0.521820174356038,0,0,0,0,0,0,0.521820174356038,0,0.478179825643962,0,0,0,0,0,0.478179825643962,0,0,0,0,0.521820174356038
1,"15",44.2689586205774,44.5789032225097,1,0,0,1,5,0.559197027750343,0,4699288,1310059,-0.0233792206000654,0.377625659378322,0.898342685104637,0,0,0.101657314895363,0,0,0.721447376708982,0.176895308395655,0,0,0,0.24293935591945,0.176895308395655,0,0,0.101657314895363,0,0.478508020789532,0,0,0
1,"15",44.5789032225097,43.9360099698145,1,0,0,1,5,0.433638213929805,0,2984457,330043,0.188185031648152,0.400981134851366,0.518287581292007,0,0.0654973417274901,0.151645341179317,0,0,0.481712418707993,0.3011448983852,0,0,0,0.481712418707993,0.155405824242065,0,0,0.151645341179317,0,0,0,0.211236415870626,0
1,"15",43.9360099698145,43.8816131803844,1,0,0,1,4,0.599284840364951,0,2080934,538400,0.113226578331738,0.39672503349858,0.622488747841114,0,0.107255203672966,0,0.370359655808401,0,0,0.522385140518632,0,0,0,0,0,0,0,0,0.522385140518632,0,0,0.477614859481368,0
1,"15",43.8816131803844,43.9934420208575,1,0,0,1,13,0.437850959522075,0,9132654,973256,-0.00218463604852892,0.405775960783345,0.66467951156367,0,0,0.0708776441109014,0,0,0.497640882924066,0.431481472965033,0,0,0.0375124251942535,0.143108126071567,0,0,0.156197639809852,0.0708776441109014,0.045155548430938,0.354532756852499,0,0.134248160501865,0.0583676990281248
1,"15",43.9934420208575,43.8873260838782,0,1,0,1,0,0,0,0,14136764,0,0,0,0,0,0,0,0,0,0,0,0,0,0,0,0,0,0,0,0,0,0,0
1,"15",43.8873260838782,43.5152356152801,1,0,0,1,3,0.41509824289805,0,1730789,6009682,0.178284575385829,0.384847201915317,0.65005150830055,0,0,0,0,0.31087151582313,0,0.68912848417687,0,0,0,0.34994849169945,0,0,0,0,0,0,0,0.31087151582313,0.339179992477419
1,"15",43.5152356152801,43.85346527136,1,0,0,1,2,0.548493098110875,0,1440653,918356,0.148950600636197,0.429979555536707,0.336200320271432,0,0,0,0,0.663799679728568,0,0.336200320271432,0,0,0,0,0,0,0,0,0.663799679728568,0,0,0,0.336200320271432
1,"14",43.85346527136,44.4504985466132,1,0,0,1,3,0.490410414468505,0,1940154,1315670,-0.0879057872367054,0.402519968563792,0.771632561126591,0,0,0.444566256080703,0,0,0.555433743919297,0,0,0,0,0,0,0,0.216198817207294,0.228367438873409,0,0.555433743919297,0,0,0
1,"14",44.4504985466132,44.8231345582039,1,0,0,1,4,0.524773066757999,0,3034260,2005522,0.158440035821717,0.429930967120954,0.32746007263715,0,0,0.173476893871982,0,0,0.453165846038243,0.373357260089775,0,0,0,0,0,0,0,0.173476893871982,0.219374081324606,0.453165846038243,0,0.153983178765168,0
1,"14",44.8231345582039,43.9911077653478,1,0,0,1,6,0.540940978606405,0,3338717,578092,0.418576866421227,0.397524922733961,0.32333647925236,0,0.0767893774764378,0,0,0,0.368130632215908,0.555079990307654,0,0,0,0,0,0,0,0,0.334655497905333,0.368130632215908,0,0.208185958857849,0.0890279110209101
1,"14",43.9911077653478,44.3880010268254,1,0,0,1,6,0.463233497608121,0,3434797,0,0.023063347850466,0.358688362723599,0.884893051903795,0,0.115106948096205,0,0,0,0.332235063673341,0.552657988230454,0,0,0,0,0.120607127582795,0,0,0,0.109615502750235,0.332235063673341,0,0.335829162538572,0.101713143455057
1,"14",44.3880010268254,43.3421349952741,1,0,0,1,7,0.555950527741586,0,4036752,9286998,0.239132664365842,0.373463798852942,0.529717703738055,0,0,0.124600669052743,0.0907296261945247,0,0.30605967371788,0.435905401174013,0,0.0427046298608386,0,0,0,0,0.435905401174013,0.124600669052743,0,0.30605967371788,0,0.133434256055363,0
1,"14",43.3421349952741,42.6654396704193,1,0,0,1,6,0.379615322105443,0,5993106,11124416,-0.440053822292986,0.423365043757559,0.951680814589296,0,0,0,0,0,0.836904937106068,0.163095062893932,0,0,0,0.240537878021847,0,0.367119320098794,0,0,0,0.229247738985428,0,0,0.163095062893932
1,"14",42.6654396704193,42.8419661727999,1,0,0,1,6,0.438335118543506,0,2419755,462259,-0.0423232719417969,0.364312326560103,0.63966889209858,0,0,0,0,0,0.193288990001054,0.413117030443165,0,0.393593979555781,0.236903322857066,0,0,0,0,0.167042117900366,0,0,0,0.419840851656469,0.176213707586099
1,"13",42.8419661727999,43.3466764469521,1,0,0,1,7,0.329840817768726,0,5797145,1635852,-0.499262527089746,0.423219123518038,0.913028913370288,0,0.0869710866297117,0.071692876407266,0,0,0.625010932105373,0.21632510485765,0,0,0,0.244693896737101,0.21632510485765,0,0,0.071692876407266,0,0.380317035368272,0,0.0869710866297117,0
1,"13",43.3466764469521,44.0702239276368,1,0,0,1,7,0.501207359830197,0,3822701,703272,-0.305375745693864,0.400720920575102,0.747269012146124,0,0,0.168852860843681,0,0,0.245414695002303,0.585732444154016,0,0,0.0838781270101951,0,0.105316371853305,0,0.168852860843681,0,0.396537945290516,0.245414695002303,0,0,0
1,"13",44.0702239276368,42.8806493700565,1,0,0,1,7,0.384641780634225,0,3832311,7493198,0.521840825763178,0.345089941147274,0.529653256220594,0,0.0731699488898474,0,0,0,0.524263557941931,0.402566493168221,0,0,0,0.284794736126583,0,0,0,0,0.148579799499571,0.239468821815348,0,0.0731699488898474,0.253986693668651
1,"13",42.8806493700565,43.0342467397334,1,0,0,1,10,0.388496420669849,0,6464509,2832767,0.399922252925448,0.326171323984567,0.231437221295538,0,0,0.0967160847018699,0.451700817494414,0,0,0.358999113467086,0,0.0925839843366294,0,0,0.0661363453898819,0,0.142202756620804,0.189300069038499,0.0577620048173806,0,0,0.49298794386395,0.0516108802694837
1,"13",43.0342467397334,42.7740867986241,1,0,0,1,5,0.461908572007431,0,2625851,2564647,0.508119037305994,0.370827431181142,0.83442015559908,0,0,0,0.0808918708639599,0,0.376573156664259,0.457846998934822,0,0.08468797353696,0,0,0,0,0.374386437006517,0,0,0.376573156664259,0,0.249040406329224,0
1,"13",42.7740867986241,42.1452001393344,1,0,0,1,11,0.462102087563715,0,4610053,12026344,0.473767908732679,0.334592812165016,0.375187877449565,0.165600482250421,0,0.178100555459991,0,0,0.148354476618815,0.490975266444876,0.0169692192258961,0,0.178100555459991,0.117078914277124,0,0,0.128901554927893,0.148354476618815,0,0,0,0.182569701476317,0.244994797239858
1,"13",42.1452001393344,42.301109703623,1,0,0,1,2,0.349671573618417,0,754304,0,0.388175226455198,0.307652712600816,0,0,0,0,0,0,0.426477918717122,0,0,0.573522081282878,0,0,0,0,0,0.573522081282878,0,0,0,0.426477918717122,0
1,"12",42.301109703623,41.658923948415,1,0,0,1,7,0.308524546944495,0,4208392,0,0.468787095082571,0.351213043260893,0.574174886750094,0,0.255670336793721,0.234022638575494,0,0,0.414206661356642,0,0.0961003632741437,0,0,0.414206661356642,0,0,0.126781915753095,0.107240722822399,0,0,0,0.351770700067864,0
1,"12",41.658923948415,42.0072921537084,1,0,1,0,4,0.724366794882085,0,2325680,2187601,0.539593693321178,0.363818798115976,0.767018678408036,0,0,0,0,0,0.457965842248289,0.542034157751711,0,0,0.309052836159747,0,0,0,0.232981321591964,0,0,0.457965842248289,0,0,0
1,"12",42.0072921537084,43.1361327070246,1,0,1,0,7,0.371520615791467,0,6445224,0,0.426178479891897,0.32630249629168,0.247787198707136,0,0,0,0.338187315134431,0,0.473512479938634,0.188300204926935,0,0,0,0,0,0,0,0,0.188300204926935,0.473512479938634,0,0.338187315134431,0
1,"12",43.1361327070246,42.5197614026322,1,0,1,0,11,0.520394161976469,0,6932701,0,0.504748441846886,0.327057878857815,0.301118856849589,0,0.0497554993356846,0,0,0,0.634637207056817,0.315607293607499,0,0,0.0479538927180041,0.172851822110892,0.0647773501265957,0,0,0,0.105471446121793,0.461785384945925,0,0.0497554993356846,0.097404604641106
1,"12",42.5197614026322,43.1497674930182,1,0,1,0,2,0.342776708755732,0,1650819,10848796,0.557018668313718,0.382201736154142,1,0,0,0.282617900569354,0,0,0.717382099430646,0,0,0,0,0,0,0,0,0.282617900569354,0,0.717382099430646,0,0,0
1,"12",43.1497674930182,42.4656989644478,1,0,1,0,7,0.407703235035678,0,3462475,604807,0.532954208762372,0.356814298350429,0.678245185885819,0,0,0,0,0,0.551598495295995,0.414908988512552,0.0334925161914526,0,0,0.174809059993213,0,0,0,0.376789435302782,0,0,0,0.0334925161914526,0.414908988512552
1,"12",42.4656989644478,42.5133320061549,1,0,1,0,1,0.545454545454545,0,501347,0,0.409344738244024,0.372278121027084,1,0,0,0,0,0,0,1,0,0,0,0,0,0,0,0,0,0,0,1,0
1,"11",42.5133320061549,43.3236787018938,1,0,1,0,4,0.660466726560393,0,1454799,4960967,0.235993474537982,0.349690861400262,1,0,0,0,0,0,0,0.626227403235773,0.373772596764227,0,0,0,0,0,0,0,0.626227403235773,0,0,0.373772596764227,0
1,"11",43.3236787018938,43.5042994097819,1,0,1,0,3,0.741394441445925,0,1887969,4708081,-0.158579929746903,0.362601272484864,1,0,0,0.315641835220811,0,0,0.446419406250844,0.237938758528344,0,0,0,0,0,0,0.315641835220811,0,0,0.446419406250844,0,0.237938758528344,0
1,"11",43.5042994097819,43.1262995743432,1,0,1,0,10,0.485100643454726,0,6550791,1992120,0.183923073257503,0.344688294175861,1,0,0,0.193242464917595,0.143038909346978,0,0.278286545853776,0.385432079881651,0,0,0.0764492410153217,0.147680028259183,0,0,0,0.193242464917595,0.25531222107376,0.130606517594593,0,0.143038909346978,0.0536706177925689
1,"11",43.1262995743432,42.8897757278979,1,0,1,0,6,0.352861892626083,0,3453635,0,0.234907821784534,0.350928423686031,1,0,0.134274756886585,0,0,0,0.290879899004961,0.574845344108454,0,0,0,0,0.350330304157793,0,0,0,0.224515039950661,0.290879899004961,0,0.134274756886585,0
1,"11",42.8897757278979,41.2435428048941,1,0,1,0,4,0.39564468828974,0,2435476,0,0.304028145289889,0.359388203971689,1,0,0,0,0,0,0.468346228827547,0.531653771172452,0,0,0,0,0.336865565499311,0,0,0.194788205673142,0,0.380182765093969,0,0.0881634637335782,0
1,"11",41.2435428048941,40.934144918489,1,0,1,0,4,0.456530889601519,0,1592537,0,0.0553322652643383,0.328949797490539,1,0,0,0.254252805429324,0,0,0.682647875685149,0,0.0630993188855267,0,0.254252805429324,0,0,0,0,0.682647875685149,0,0,0,0.0630993188855267,0
1,"11",40.934144918489,41.1583636119747,1,0,1,0,5,0.525492058431345,0,8894969,0,-0.0527612762036349,0.315720003925598,1,0,0,0,0,0.218499131362909,0,0.0354964699708341,0.746004398666257,0,0.0354964699708341,0,0,0,0,0,0.218499131362909,0,0,0.746004398666257,0
1,"10",41.1583636119747,41.4596623836165,1,0,1,0,4,0.431297183471444,0,2433897,0,-0.0557073454773904,0.315359428374178,1,0,0,0,0,0,0.639689765014707,0.360310234985293,0,0,0,0.317779675968211,0,0,0,0,0.360310234985293,0.321910089046496,0,0,0
1,"10",41.4596623836165,40.7160837170549,1,0,1,0,4,0.435700672389857,0,3724030,0,0.0292343910121241,0.325755624331332,1,0,0,0,0,0,0.5144136862485,0.140045327239576,0.345540986511924,0,0,0,0,0,0,0,0.140045327239576,0.5144136862485,0,0.345540986511924,0
1,"10",40.7160837170549,41.6576810643775,1,0,1,0,9,0.437309394923661,0,6835774,0,0.0957312105362295,0.333894308503223,1,0,0,0.0603356693770157,0.255011795299259,0,0.155679517783941,0.278875076911554,0,0.25009794062823,0,0,0,0,0,0.25009794062823,0.174827166609077,0.155679517783941,0,0.313095634817652,0.1062997401611
1,"10",41.6576810643775,41.7316198602749,1,0,1,0,11,0.601496222811148,0,6840204,0,0.0623778795770927,0.350621264171234,1,0,0,0,0,0,0.253944180612157,0.746055819387843,0,0,0,0,0.358515477023785,0,0.210191245758167,0,0.0570882096498876,0.253944180612157,0,0,0.120260886956003
1,"10",41.7316198602749,43.2316459388907,1,0,1,0,3,0.627767019732205,0,1717202,0,-0.131327591429047,0.306104109049046,1,0,0,0,0,0,0.618284861070509,0.381715138929491,0,0,0,0,0,0,0,0.381715138929491,0,0.453380557441699,0,0.16490430362881,0
1,"10",43.2316459388907,44.519128095987,0,1,1,0,0,0,0,0,0,0,0,0,0,0,0,0,0,0,0,0,0,0,0,0,0,0,0,0,0,0,0,0
1,"10",44.519128095987,44.8011681111179,1,0,1,0,13,0.527898924951728,0,6422527,0,0.117261851404353,0.336529488460673,1,0,0,0.500909688663045,0,0.310189431667629,0,0.188900879669326,0,0,0,0,0.10172397873921,0,0,0,0.580605733537593,0,0,0.12876940805387,0.188900879669326
1,"9",44.8011681111179,45.0754244732372,1,0,1,0,8,0.505476613140469,0,3663049,0,-0.131327591429047,0.306104109049046,1,0,0,0.135914643784454,0,0,0,0.672433265293475,0.191652090922071,0,0,0,0.291228154469132,0,0,0.135914643784454,0.381205110824343,0,0,0.191652090922071,0
1,"9",45.0754244732372,44.7960799986612,1,0,1,0,4,0.712760868980931,0,4080289,0,-0.239751819029424,0.391959753416843,1,0,0,0.578970264116096,0,0,0.421029735883904,0,0,0,0,0,0,0,0.578970264116096,0,0,0.421029735883904,0,0,0
1,"9",44.7960799986612,44.8524966481444,1,0,1,0,8,0.521358152304937,0,4726533,0,-0.131327591429047,0.306104109049046,1,0,0,0.686702282624495,0,0,0,0.313297717375505,0,0,0,0,0.3325249183704,0,0,0.271804089805361,0.115742553791542,0,0,0,0.279928438032698
1,"9",44.8524966481444,44.850346650007,1,0,1,0,14,0.45178134398789,0,7954111,0,-0.38884913529994,0.510022352941139,1,0,0,0.218475703947305,0,0,0.0977611451487162,0.683763150903979,0,0,0,0,0.218475703947305,0,0.0635349443828481,0,0.510382241334072,0.0977611451487162,0,0,0.109845965187059
1,"9",44.850346650007,43.3709840522882,1,0,1,0,6,0.470989132353139,0,6759161,0,-0.38884913529994,0.510022352941139,1,0,0,0.746138610990329,0,0,0,0.253861389009671,0,0,0.282001419998725,0,0.621187156216578,0,0,0.0968114237846975,0,0,0,0,0
1,"9",43.3709840522882,42.7467657821156,1,0,1,0,11,0.562688414131976,0,5078029,0,-0.38884913529994,0.510022352941139,1,0,0,0.341500609783835,0,0,0,0.658499390216165,0,0,0.839705917394328,0,0,0,0,0,0,0,0,0.0683525044855002,0.0919415781201722
1,"9",42.7467657821156,42.0020903569971,1,0,1,0,6,0.542285688208356,0,2763008,0,-0.38884913529994,0.510022352941139,1,0,0,0,0,0.653771179815621,0,0.346228820184379,0,0,0.346228820184379,0,0,0,0,0,0.653771179815621,0,0,0,0
1,"8",42.0020903569971,42.2287230295591,0,1,1,0,0,0,0,0,0,0,0,0,0,0,0,0,0,0,0,0,0,0,0,0,0,0,0,0,0,0,0,0
1,"8",42.2287230295591,43.5436019508074,1,0,1,0,2,0.557098602644036,0,957467,0,-0.38884913529994,0.510022352941139,1,0,0,0.631313664074062,0,0,0,0.368686335925938,0,0,0,0,0,0,0,0.631313664074062,0,0,0,0.368686335925938,0
1,"8",43.5436019508074,42.1026317338337,1,0,1,0,9,0.381078275232644,0,7097707,0,-0.38884913529994,0.510022352941139,1,0,0,0.204685541400906,0.224988577296865,0,0.196011895109223,0.253827045833253,0,0.120486940359753,0,0.167188360973481,0,0,0.137559214546332,0.325172481760659,0.0756406259091845,0,0,0.253812111432608,0.0406272053777368
1,"8",42.1026317338337,42.190183515482,1,0,1,0,2,0.695266518876942,0,1110230,1674308,-0.38884913529994,0.510022352941139,1,0,0,0,0,0,1,0,0,0,0,0.807694801977969,0,0,0,0,0,0,0,0.192305198022031,0
1,"8",42.190183515482,42.0876933252046,0,1,1,0,0,0,0,0,0,0,0,0,0,0,0,0,0,0,0,0,0,0,0,0,0,0,0,0,0,0,0,0
1,"8",42.0876933252046,43.2797458279392,1,0,1,0,5,0.407474686090423,0,3509105,0,-0.38884913529994,0.510022352941139,1,0,0,0.467587034300769,0,0,0.284460282607673,0.247952683091558,0,0,0.113151644080186,0,0,0,0.247952683091558,0.284460282607673,0,0,0,0,0.354435390220583
1,"8",43.2797458279392,44.3572110847515,1,0,1,0,1,0.583333333333333,0,666953,0,-0.38884913529994,0.510022352941139,1,0,0,0,0,1,0,0,0,0,0,0,0,0,0,0,1,0,0,0,0
1,"7",44.3572110847515,44.3767860574288,1,0,1,0,3,0.612472309583004,0,1026077,0,-0.38884913529994,0.510022352941139,1,0,0,0,0,0,0,1,0,0,0.247706556135651,0,0.460669131069111,0,0,0,0.291624312795239,0,0,0,0
1,"7",44.3767860574288,43.1629831937309,1,0,1,0,3,0.580850248803596,0,3031833,0,-0.38884913529994,0.510022352941139,1,0,0,0.661955655209241,0,0,0.338044344790759,0,0,0,0,0.338044344790759,0,0,0.430644431932761,0.23131122327648,0,0,0,0,0
1,"7",43.1629831937309,44.4105077571166,1,0,1,0,8,0.47309130351584,0,5838467,1202449,-0.38884913529994,0.510022352941139,1,0,0,0.216238269395031,0.172052698079821,0,0.373240270091447,0.0602944231764948,0,0.178174339257206,0,0.324707667269508,0,0,0,0.313755648528972,0,0,0,0.220585300901761,0.14095138329976
1,"7",44.4105077571166,44.9730916815015,1,0,1,0,2,0.5,0,1652722,1913266,-0.490908684952335,0.477723535228677,1,0,0,0,0,0,0.568258303574346,0,0,0.431741696425654,0,0.568258303574346,0,0,0,0.431741696425654,0,0,0,0,0
1,"7",44.9730916815015,43.9996420599131,1,0,1,0,1,0.785714285714286,0,331383,0,-0.625239436485431,0.435211840127897,1,0,0,0,0,1,0,0,0,0,0,0,0,0,0,0,1,0,0,0,0
1,"7",43.9996420599131,43.0079923826486,1,0,1,0,2,0.31651641047913,0,1172200,0,-0.625239436485431,0.435211840127897,1,0,0.259543593243474,0,0,0,0.740456406756526,0,0,0,0,0,0,0,0,0.740456406756526,0,0,0,0.259543593243474,0
1,"7",43.0079923826486,43.4254893538219,1,0,1,0,2,0.212948098130527,0,23073350,0,0.0453659643365635,0.369225082325871,1,0,0,0,0,0,0,0,1,0,0,0,0,0,0,0,0,0,1,0,0
1,"6",43.4254893538219,43.7959265300996,1,0,1,0,3,0.224986730722308,0,16340377,0,-0.00213176565198233,0.344881929292411,0.0789984833275267,0,0,0.0789984833275267,0,0,0,0,0.921001516672473,0,0,0,0.0425099739130866,0,0.0364885094144401,0,0,0,0.921001516672473,0,0
1,"6",43.7959265300996,44.2048722158703,1,0,1,0,4,0.216569913485687,0,30289993,1884147,0.0150170667563299,0.372211377025751,1,0,0,0.0205056501663767,0,0,0.0247503193546463,0,0.954744030478977,0,0,0.0247503193546463,0,0,0,0.0205056501663767,0,0,0.954744030478977,0,0
1,"6",44.2048722158703,43.4597070976635,1,0,1,0,6,0.607446641599272,0,17001988,1943828,-0.0547100844730981,0.352504038717959,0.156713320818718,0,0,0,0,0,0.0672851904142033,0.0464609785632127,0.843286679181282,0.0429671518413023,0,0.0513985188085064,0,0,0,0.0429671518413023,0,0,0.843286679181282,0.0158866716056969,0.0464609785632127
1,"6",43.4597070976635,43.8112135334443,1,0,1,0,2,0.498966185404008,0,29849743,821657,0.0453659643365635,0.369225082325871,1,0,0,0,0,0,0,0,1,0,0,0,0,0,0,0,0,0,1,0,0
1,"6",43.8112135334443,45.3217639472251,1,0,1,0,1,0.6,0,16087731,0,0.0513150094667338,0.337133922556335,0,0,0,0,0,0,0,0,1,0,0,0,0,0,0,0,0,0,1,0,0
1,"6",45.3217639472251,45.8106790026526,1,0,1,0,6,0.609880689199302,0,34480119,0,0.0113192993938031,0.35702529308812,0.50644169760551,0,0.00894190649400021,0.0193637962792414,0,0,0,0.0268427727874141,0.944851524439344,0,0,0,0,0,0.0462065690666555,0,0,0,0.944851524439344,0.00894190649400021,0
1,"6",45.8106790026526,45.5502115316648,1,0,1,0,2,0.247164411438149,0,31993358,0,0.0453659643365635,0.369225082325871,1,0,0,0,0,0,0,0,1,0,0,0,0,0,0,0,0,0,1,0,0
1,"5",45.5502115316648,45.6743433433444,1,0,1,0,6,0.512712589440025,0,48306766,0,0.0449970099802598,0.361846905781152,0.713219717502927,0,0,0.0126974345581321,0,0,0.0369715911017517,0,0.950330974340116,0,0,0.017086219350722,0,0,0.0126974345581321,0,0,0.0198853717510297,0.950330974340116,0,0
1,"5",45.6743433433444,44.4714204882087,1,0,1,0,5,0.553846171846038,0,4023780,1473555,-0.625239436485431,0.435211840127897,1,0,0,0.588729503104046,0,0,0.411270496895954,0,0,0,0,0.411270496895954,0,0,0.462129142249328,0.126600360854719,0,0,0,0,0
1,"5",44.4714204882087,44.6048942279266,1,0,1,0,4,0.629799075965291,0,21093698,0,0.0354357803339496,0.350343050728748,0.187208852615601,0,0,0,0,0,0.131130255112214,0.056078597503387,0.812791147384399,0,0,0,0,0.131130255112214,0.056078597503387,0,0,0,0.812791147384399,0,0
1,"5",44.6048942279266,45.2231267108352,1,0,1,0,2,0.722222222222222,0,38546306,0,0.0453659643365635,0.369225082325871,1,0,0,0,0,0,0,0,1,0,0,0,0,0,0,0,0,0,1,0,0
1,"5",45.2231267108352,44.9681534278549,1,0,1,0,1,0.6,0,18021588,0,0.0513150094667338,0.337133922556335,0,0,0,0,0,0,0,0,1,0,0,0,0,0,0,0,0,0,1,0,0
1,"5",44.9681534278549,45.1059492772117,1,0,1,0,8,0.56477338933427,0,23014006,0,-0.557869205112764,0.42727180782341,0.958392293805781,0,0.0135685199699696,0.0206790160739508,0,0.0437983287220834,0,0.0302327200227548,0.891721415211241,0,0,0,0.0302327200227548,0,0,0,0,0,0.791628715139815,0.157459548763479,0.0206790160739508
1,"5",45.1059492772117,44.6065669540278,1,0,1,0,3,0.580048741252188,0,14990646,0,0.0333378990432962,0.342740496993249,0.121807759318711,0,0,0,0,0.0257267098429247,0,0,0.974273290157075,0,0,0,0,0,0,0,0.0257267098429247,0,0.878192240681289,0.0960810494757864,0
1,"4",44.6065669540278,44.2798057857807,1,0,1,0,1,0.5,0,348999,0,-0.625239436485431,0.435211840127897,1,0,0,0,1,0,0,0,0,0,0,0,0,0,0,0,0,0,0,1,0
1,"4",44.2798057857807,45.3664464202419,1,0,1,0,1,0.375,0,298008,0,0.20121411485852,0.395932250116454,1,0,0,0,0,0,1,0,0,0,0,0,0,0,0,0,0,0,0,1,0
1,"4",45.3664464202419,44.3022204101257,1,0,1,0,4,0.619474452903491,0,4269722,0,0.20121411485852,0.395932250116454,1,0,0,0,0,0,0.293196840450034,0.706803159549966,0,0,0,0.293196840450034,0,0,0.607518709649012,0,0.0992844499009537,0,0,0,0
1,"4",44.3022204101257,43.7256707528591,1,0,1,0,2,0.375402105096944,0,1807011,0,0.20121411485852,0.395932250116454,1,0,0,0,0,0,0.631031576454156,0,0,0.368968423545844,0,0.631031576454156,0,0,0,0.368968423545844,0,0,0,0,0
1,"4",43.7256707528591,42.8558188002531,0,1,1,0,0,0,0,0,1744560,0,0,0,0,0,0,0,0,0,0,0,0,0,0,0,0,0,0,0,0,0,0,0
1,"4",42.8558188002531,42.5935166780383,1,0,1,0,2,0.309990952033655,0,1519712,0,0.20121411485852,0.395932250116454,1,0,0,0.42090869849024,0,0,0.57909130150976,0,0,0,0,0,0,0,0,0.57909130150976,0,0,0,0,0.42090869849024
1,"4",42.5935166780383,42.0982614662887,1,0,1,0,1,0.555555555555556,0,347264,0,0.20121411485852,0.395932250116454,1,0,0,0,0,0,0,0,0,1,1,0,0,0,0,0,0,0,0,0,0
1,"3",42.0982614662887,41.5931716665593,1,0,1,0,1,0.3,0,1096011,0,0.20121411485852,0.395932250116454,1,0,0,1,0,0,0,0,0,0,0,0,1,0,0,0,0,0,0,0,0
1,"3",41.5931716665593,41.0513065236603,1,0,1,0,3,0.306831430710947,0,2848437,6984613,0.268240588713565,0.373837557691845,0.76148287639853,0,0,0.23851712360147,0,0,0.76148287639853,0,0,0,0,0,0,0,0,0.23851712360147,0,0.664883934592901,0,0.0965989418056288,0
1,"3",41.0513065236603,39.9920638439786,1,0,1,0,8,0.482919330489063,0,8291865,0,0.269317184050609,0.392671865224096,0.828558110871318,0,0,0,0,0,0.498076367620553,0.407625425643085,0,0.0942982067363615,0,0.280869864620324,0,0,0.171441889128682,0.0942982067363615,0.103897494713192,0.21720650300023,0,0,0.132286041801211
1,"3",39.9920638439786,40.5722521125202,1,0,1,0,2,0.476531020648754,0,1028838,0,0.20121411485852,0.395932250116454,1,0,0,0,0,0,0.25862575060408,0.74137424939592,0,0,0,0,0,0,0,0,0,0,0,0.25862575060408,0.74137424939592
1,"3",40.5722521125202,41.2236602660574,0,1,1,0,0,0,0,0,0,0,0,0,0,0,0,0,0,0,0,0,0,0,0,0,0,0,0,0,0,0,0,0
1,"3",41.2236602660574,41.2783724935788,1,0,1,0,6,0.539754313874224,0,4055323,0,0.399587331221034,0.394668631535494,0.772285216245414,0,0,0.599244745732954,0,0,0.216442685329874,0.184312568937172,0,0,0.111791095308561,0,0.184312568937172,0,0.227714783754586,0.216442685329874,0,0,0,0.1009201979719,0.158818668697906
1,"3",41.2783724935788,41.185629380698,1,0,1,0,2,0.576923076923076,0,1187726,0,-0.278971249309983,0.455236863795533,1,0,0,0,0,1,0,0,0,0,0,0,0,0,0,0,1,0,0,0,0
1,"2",41.185629380698,42.320291872397,1,0,1,0,3,0.297090004823202,0,2759983,0,0.20121411485852,0.395932250116454,1,0,0,0,0,0,0.402526754693779,0.597473245306221,0,0,0,0,0.597473245306221,0,0,0,0,0.402526754693779,0,0,0
1,"2",42.320291872397,43.0750474970363,1,0,1,0,2,0.155415940518159,0,3769890,0,0.20121411485852,0.395932250116454,1,0,0,0,0,0,1,0,0,0,0,0,0,0,0,0,0,1,0,0,0
1,"2",43.0750474970363,43.6796761277398,1,0,1,0,3,0.339046695087721,0,2200752,0,0.0313088357960518,0.416916161099005,1,0,0,0,0,0,0.646167310083099,0.353832689916901,0,0,0,0,0,0,0,0,0.353832689916901,0.646167310083099,0,0,0
1,"2",43.6796761277398,42.0313894209469,1,0,1,0,4,0.211253899304884,0,4077543,0,0.249335430280528,0.383999693072543,1,0,0,0.185005038573474,0,0,0.814994961426526,0,0,0,0,0,0,0,0,0.185005038573474,0,0.745433463239995,0,0.0695614981865305,0
1,"2",42.0313894209469,42.5735614311935,0,1,1,0,0,0,0,0,0,0,0,0,0,0,0,0,0,0,0,0,0,0,0,0,0,0,0,0,0,0,0,0
1,"2",42.5735614311935,42.7544243301196,1,0,1,0,1,0.625,0,440511,0,0.20121411485852,0.395932250116454,1,0,0,1,0,0,0,0,0,0,0,0,0,0,0,0,0,0,0,0,1
1,"2",42.7544243301196,42.0681208985977,1,0,1,0,2,0.276922796947124,0,730047,0,-0.0286187190200922,0.424317428926602,1,0,0,0.478633567427851,0,0,0,0.521366432572149,0,0,0,0,0.478633567427851,0,0,0,0,0,0,0.521366432572149,0
1,"1",42.0681208985977,41.8513885937607,1,0,1,0,4,0.185783250685438,0,3882812,0,-0.150963217568416,0.449093448873961,0.90527277653412,0,0,0.375289609695241,0.0947272234658799,0,0.314974044584183,0.215009122254696,0,0,0,0,0.590298731949937,0,0,0,0,0.314974044584183,0,0.0947272234658799,0
1,"1",41.8513885937607,40.2874823638406,1,0,1,0,2,0.612049439406783,0,4065158,0,-0.278971249309983,0.455236863795533,1,0,0,0,0,0,1,0,0,0,0,1,0,0,0,0,0,0,0,0,0
1,"1",40.2874823638406,40.208353433139,1,0,1,0,3,0.470057917267587,0,2184150,2332858,-0.278971249309983,0.455236863795533,1,0,0,0,0,0,0.531172309594121,0.468827690405879,0,0,0,0,0,0,0,0,0.468827690405879,0.531172309594121,0,0,0
1,"1",40.208353433139,40.1655477210099,1,0,1,0,4,0.413530869427276,0,3517545,2363830,0.29845280259175,0.402178271545085,0.743440382425811,0,0,0,0,0,0.743440382425811,0.256559617574189,0,0,0,0.326388432841655,0,0,0.256559617574189,0,0,0.339290897486741,0,0.0777610520974145,0
1,"1",40.1655477210099,40.1840357588702,1,0,1,0,4,0.768974242357734,0,4100660,3078381,1.07236184225555,0.390383121684275,0,0,0,0.459716728526627,0,0,0.540283271473373,0,0,0,0,0,0,0,0.459716728526627,0,0,0.540283271473373,0,0,0
1,"1",40.1840357588702,40.7415626973413,1,0,1,0,4,0.340543707180609,0,2418930,1242441,1.07236184225555,0.390383121684275,0,0,0.128708974629278,0.224345475065421,0,0,0.316249333382942,0.330696216922358,0,0,0,0,0.330696216922358,0,0,0.316249333382942,0,0,0,0.128708974629278,0.224345475065421
1,"1",40.7415626973413,NA,1,0,1,0,1,0.2,0,370559,0,1.07236184225555,0.390383121684275,0,NA,NA,NA,NA,NA,NA,NA,NA,NA,NA,NA,NA,NA,NA,NA,NA,NA,NA,NA,NA
