"DEM","ATT","AD_LENGTH_IND","AD_POSITION","slant","consistency","WEEK","Day","TIME_WINDOW","PROG_GENRE","NETWORK","PRE_OCT_1","POST_OCT_1"
0,1,0,0.625,-0.625591827944444,0.387263493936937,17,"Tue","900~30","NEWS_POLITICAL","FNEW",1,0
0,1,0,0.6,-0.625591827944444,0.387263493936937,17,"Wed","900~30","NEWS_POLITICAL","FNEW",1,0
0,1,0,0.7,-0.625591827944444,0.387263493936937,19,"Thu","930~59","NEWS_POLITICAL","FNEW",1,0
0,1,0,0.375,-0.625591827944444,0.387263493936937,19,"Fri","930~59","NEWS_POLITICAL","FNEW",1,0
0,1,0,0.571428571428571,-0.625591827944444,0.387263493936937,18,"Tue","900~30","SLICE_OF_LIFE","HIST",1,0
0,1,0,0.571428571428571,-0.625591827944444,0.387263493936937,18,"Wed","900~30","NEWS_POLITICAL","FNEW",1,0
0,1,0,0.428571428571429,-0.625591827944444,0.387263493936937,18,"Thu","930~59","NEWS_POLITICAL","FNEW",1,0
0,1,0,0.428571428571429,-0.625591827944444,0.387263493936937,18,"Fri","930~59","NEWS_POLITICAL","FNEW",1,0
0,1,0,0.375,-0.625591827944444,0.387263493936937,18,"Sun","900~30","DOCUMENTARY","HIST",1,0
0,1,0,0.5,-0.625591827944444,0.387263493936937,17,"Mon","900~30","NEWS_POLITICAL","FNEW",1,0
0,1,0,0.5,-0.625591827944444,0.387263493936937,17,"Mon","930~59","DOCUMENTARY","HIST",1,0
1,0,0,0.363636363636364,1.07236184225555,0.390383121684275,18,"Sun","1000~30","COMEDY","TVL",1,0
1,0,0,0.764705882352941,1.07236184225555,0.390383121684275,19,"Sat","830~59","DOCUMENTARY","DISC",1,0
1,0,0,0.666666666666667,1.07236184225555,0.390383121684275,15,"Wed","930~59","SLICE_OF_LIFE","HIST",1,0
1,0,0,0.882352941176471,1.07236184225555,0.390383121684275,18,"Fri","1030~59","SLICE_OF_LIFE","DISC",1,0
1,0,0,0.272727272727273,1.07236184225555,0.390383121684275,19,"Sat","800~30","DOCUMENTARY","DISC",1,0
1,0,0,0.384615384615385,1.07236184225555,0.390383121684275,19,"Sun","1030~59","NEWS_POLITICAL","ID",1,0
1,0,0,0.545454545454545,1.07236184225555,0.390383121684275,19,"Sun","800~30","SLICE_OF_LIFE","TLC",1,0
1,0,0,0.7,1.07236184225555,0.390383121684275,18,"Tue","830~59","NEWS_POLITICAL","MSNB",1,0
1,0,0,0.375,1.07236184225555,0.390383121684275,19,"Sun","800~30","SLICE_OF_LIFE","TLC",1,0
1,0,0,0.571428571428571,1.07236184225555,0.390383121684275,18,"Fri","930~59","DOCUMENTARY","Other",1,0
1,0,0,0.222222222222222,1.07236184225555,0.390383121684275,19,"Sat","900~30","SLICE_OF_LIFE","Other",1,0
1,0,0,0.6,1.07236184225555,0.390383121684275,16,"Sun","930~59","DOCUMENTARY","HIST",1,0
1,0,0,0.375,1.07236184225555,0.390383121684275,18,"Fri","830~59","NEWS_POLITICAL","MSNB",1,0
1,0,0,0.8,1.07236184225555,0.390383121684275,18,"Tue","930~59","SLICE_OF_LIFE","BRAV",1,0
1,0,0,0.2,1.07236184225555,0.390383121684275,18,"Tue","1000~30","SLICE_OF_LIFE","DISC",1,0
1,0,0,0.2,1.07236184225555,0.390383121684275,18,"Sat","800~30","DOCUMENTARY","DISC",1,0
1,0,0,0.272727272727273,1.07236184225555,0.390383121684275,19,"Fri","1000~30","DOCUMENTARY","DISC",1,0
1,0,0,0.428571428571429,1.07236184225555,0.390383121684275,19,"Thu","900~30","DOCUMENTARY","CNN",1,0
1,0,0,0.5,1.07236184225555,0.390383121684275,19,"Thu","1030~59","NEWS_POLITICAL","MSNB",1,0
1,0,0,0.875,1.07236184225555,0.390383121684275,17,"Mon","930~59","NEWS_POLITICAL","MSNB",1,0
1,0,0,0.5,1.07236184225555,0.390383121684275,19,"Thu","800~30","NEWS_POLITICAL","MSNB",1,0
1,0,0,0.454545454545455,1.07236184225555,0.390383121684275,18,"Tue","930~59","NEWS_POLITICAL","CNN",1,0
1,0,0,0.333333333333333,1.07236184225555,0.390383121684275,18,"Sun","1030~59","NEWS_POLITICAL","ID",1,0
1,0,0,0.272727272727273,1.07236184225555,0.390383121684275,18,"Thu","900~30","SLICE_OF_LIFE","Other",1,0
1,0,0,0.545454545454545,1.07236184225555,0.390383121684275,17,"Fri","1000~30","DRAMA_ADVENTURE","LMN",1,0
1,0,0,0.4,1.07236184225555,0.390383121684275,19,"Fri","930~59","NEWS_POLITICAL","MSNB",1,0
1,0,0,0.7,1.07236184225555,0.390383121684275,19,"Sun","1030~59","DOCUMENTARY","A&E",1,0
1,0,0,0.555555555555556,1.07236184225555,0.390383121684275,19,"Sun","930~59","SLICE_OF_LIFE","A&E",1,0
1,0,0,0.3,1.07236184225555,0.390383121684275,19,"Thu","830~59","NEWS_POLITICAL","MSNB",1,0
1,0,0,0.454545454545455,1.07236184225555,0.390383121684275,18,"Tue","800~30","NEWS_POLITICAL","HLN",1,0
1,0,0,0.5,1.07236184225555,0.390383121684275,18,"Tue","800~30","NEWS_POLITICAL","MSNB",1,0
1,0,0,0.428571428571429,1.07236184225555,0.390383121684275,19,"Thu","830~59","NEWS_POLITICAL","CNN",1,0
1,0,0,0.846153846153846,1.07236184225555,0.390383121684275,18,"Wed","1030~59","NEWS_POLITICAL","CNN",1,0
1,0,0,0.375,1.07236184225555,0.390383121684275,19,"Thu","930~59","NEWS_POLITICAL","MSNB",1,0
1,0,0,0.538461538461538,1.07236184225555,0.390383121684275,19,"Thu","930~59","SLICE_OF_LIFE","Other",1,0
1,0,0,0.272727272727273,1.07236184225555,0.390383121684275,18,"Wed","830~59","NEWS_POLITICAL","HLN",1,0
1,0,0,0.181818181818182,1.07236184225555,0.390383121684275,18,"Sun","930~59","SLICE_OF_LIFE","DISC",1,0
1,0,0,0.444444444444444,1.07236184225555,0.390383121684275,18,"Thu","800~30","NEWS_POLITICAL","CNN",1,0
1,0,0,0.0909090909090909,1.07236184225555,0.390383121684275,18,"Thu","930~59","NEWS_POLITICAL","MSNB",1,0
1,0,0,0.7,1.07236184225555,0.390383121684275,19,"Sat","1030~59","SLICE_OF_LIFE","A&E",1,0
1,0,0,0.75,1.07236184225555,0.390383121684275,17,"Mon","900~30","DOCUMENTARY","HIST",1,0
1,0,0,0.583333333333333,1.07236184225555,0.390383121684275,17,"Mon","1030~59","DOCUMENTARY","HIST",1,0
1,0,0,0.888888888888889,1.07236184225555,0.390383121684275,18,"Tue","930~59","NEWS_POLITICAL","MSNB",1,0
1,0,0,0.571428571428571,1.07236184225555,0.390383121684275,18,"Sun","800~30","DOCUMENTARY","TLC",1,0
1,0,0,0.666666666666667,1.07236184225555,0.390383121684275,18,"Tue","1030~59","NEWS_POLITICAL","MSNB",1,0
1,0,0,0.6,1.07236184225555,0.390383121684275,18,"Fri","900~30","DOCUMENTARY","HIST",1,0
1,0,0,0.857142857142857,1.07236184225555,0.390383121684275,17,"Tue","930~59","SLICE_OF_LIFE","HIST",1,0
1,0,0,0.833333333333333,1.07236184225555,0.390383121684275,17,"Mon","1030~59","NEWS_POLITICAL","MSNB",1,0
1,0,0,0.545454545454545,1.07236184225555,0.390383121684275,19,"Thu","1030~59","SLICE_OF_LIFE","Other",1,0
1,0,0,0.4,1.07236184225555,0.390383121684275,19,"Fri","800~30","NEWS_POLITICAL","MSNB",1,0
1,0,0,0.875,1.07236184225555,0.390383121684275,18,"Wed","1030~59","NEWS_POLITICAL","MSNB",1,0
1,1,0,0.333333333333333,0.409088841119749,0.343530609961464,1,"Sun","900~30","SLICE_OF_LIFE","Other",0,1
1,1,0,0.333333333333333,0.409088841119749,0.343530609961464,19,"Thu","800~30","NEWS_POLITICAL","HLN",1,0
1,1,0,0.545454545454545,-0.278971249309983,0.455236863795533,17,"Tue","830~59","NEWS_POLITICAL","HLN",1,0
1,1,0,0.125,-0.278971249309983,0.455236863795533,17,"Tue","1030~59","NEWS_POLITICAL","MSNB",1,0
1,1,0,0.333333333333333,-0.278971249309983,0.455236863795533,17,"Wed","800~30","NEWS_POLITICAL","MSNB",1,0
1,1,0,0.625,-0.278971249309983,0.455236863795533,17,"Thu","830~59","NEWS_POLITICAL","CNN",1,0
1,1,0,0.6,-0.278971249309983,0.455236863795533,17,"Thu","930~59","NEWS_POLITICAL","CNN",1,0
1,1,0,0.235294117647059,-0.278971249309983,0.455236863795533,17,"Fri","830~59","SLICE_OF_LIFE","DISC",1,0
1,1,0,0.125,-0.278971249309983,0.455236863795533,17,"Fri","930~59","NEWS_POLITICAL","MSNB",1,0
1,1,0,0.117647058823529,-0.278971249309983,0.455236863795533,17,"Fri","930~59","DOCUMENTARY","DISC",1,0
1,1,0,0.142857142857143,-0.278971249309983,0.455236863795533,17,"Sat","800~30","DOCUMENTARY","DISC",1,0
1,1,0,0.666666666666667,-0.278971249309983,0.455236863795533,17,"Wed","900~30","SLICE_OF_LIFE","LIFE",1,0
1,1,0,0.692307692307692,-0.278971249309983,0.455236863795533,16,"Wed","800~30","SLICE_OF_LIFE","LIFE",1,0
1,1,0,0.615384615384615,-0.278971249309983,0.455236863795533,16,"Sat","900~30","MOVIE","LIFE",1,0
1,1,0,0.615384615384615,-0.278971249309983,0.455236863795533,15,"Wed","800~30","SLICE_OF_LIFE","LIFE",1,0
1,1,0,0.583333333333333,-0.278971249309983,0.455236863795533,17,"Wed","900~30","SLICE_OF_LIFE","LIFE",1,0
1,1,0,0.615384615384615,-0.278971249309983,0.455236863795533,16,"Wed","800~30","SLICE_OF_LIFE","LIFE",1,0
1,1,0,0.538461538461538,-0.278971249309983,0.455236863795533,16,"Sat","900~30","MOVIE","LIFE",1,0
1,1,0,0.538461538461538,-0.278971249309983,0.455236863795533,15,"Wed","800~30","SLICE_OF_LIFE","LIFE",1,0
1,1,0,0.333333333333333,0.427936617202151,0.343652820638594,17,"Tue","830~59","NEWS_POLITICAL","CNN",1,0
1,1,0,0.8,0.20121411485852,0.395932250116454,14,"Wed","900~30","SLICE_OF_LIFE","HIST",1,0
1,1,0,0.466666666666667,0.20121411485852,0.395932250116454,1,"Wed","800~30","SLICE_OF_LIFE","TLC",0,1
1,1,0,0.631578947368421,0.20121411485852,0.395932250116454,1,"Fri","830~59","SLICE_OF_LIFE","DISC",0,1
1,1,0,0.181818181818182,0.20121411485852,0.395932250116454,1,"Fri","1030~59","DOCUMENTARY","ID",0,1
1,1,0,0.666666666666667,0.20121411485852,0.395932250116454,1,"Sun","900~30","DRAMA_ADVENTURE","Other",0,1
1,1,0,0.2,0.20121411485852,0.395932250116454,1,"Sun","1000~30","SLICE_OF_LIFE","BRAV",0,1
1,1,0,0.777777777777778,0.20121411485852,0.395932250116454,1,"Mon","800~30","SLICE_OF_LIFE","BRAV",0,1
1,1,0,0.222222222222222,0.20121411485852,0.395932250116454,1,"Mon","830~59","SLICE_OF_LIFE","BRAV",0,1
1,1,0,0.615384615384615,0.20121411485852,0.395932250116454,1,"Wed","1030~59","SLICE_OF_LIFE","SPK",0,1
1,1,0,0.714285714285714,0.20121411485852,0.395932250116454,16,"Sun","1030~59","DOCUMENTARY","A&E",1,0
1,1,0,0.555555555555556,0.20121411485852,0.395932250116454,15,"Sat","930~59","SUSPENSE_MYSTERY","A&E",1,0
1,1,0,0.666666666666667,0.20121411485852,0.395932250116454,14,"Wed","800~30","SLICE_OF_LIFE","LIFE",1,0
1,1,0,0.555555555555556,0.20121411485852,0.395932250116454,2,"Sat","1030~59","DOCUMENTARY","LIFE",0,1
1,1,0,0.444444444444444,0.20121411485852,0.395932250116454,2,"Sun","900~30","SLICE_OF_LIFE","CNN",0,1
1,1,0,0.7,0.20121411485852,0.395932250116454,1,"Mon","900~30","SLICE_OF_LIFE","HIST",0,1
1,1,0,0.571428571428571,0.20121411485852,0.395932250116454,1,"Tue","900~30","SPORTS","Other",0,1
1,1,0,0.5,0.20121411485852,0.395932250116454,1,"Tue","900~30","DOCUMENTARY","HIST",0,1
1,1,0,0.4,0.20121411485852,0.395932250116454,1,"Tue","1000~30","NEWS_POLITICAL","MSNB",0,1
1,1,0,0.166666666666667,0.20121411485852,0.395932250116454,1,"Wed","830~59","SPORTS","ESPN",0,1
1,1,0,0.75,0.20121411485852,0.395932250116454,1,"Wed","930~59","SLICE_OF_LIFE","HIST",0,1
1,1,0,0.333333333333333,0.20121411485852,0.395932250116454,1,"Wed","1000~30","SLICE_OF_LIFE","TLC",0,1
1,1,0,0.5,0.20121411485852,0.395932250116454,1,"Wed","1000~30","SLICE_OF_LIFE","TRU",0,1
1,1,0,0.777777777777778,0.20121411485852,0.395932250116454,1,"Wed","1030~59","COMEDY","TVL",0,1
1,1,0,0.571428571428571,0.20121411485852,0.395932250116454,1,"Thu","900~30","SLICE_OF_LIFE","LIFE",0,1
1,1,0,0.5,0.20121411485852,0.395932250116454,1,"Thu","1000~30","SLICE_OF_LIFE","LIFE",0,1
1,1,0,0.555555555555556,0.20121411485852,0.395932250116454,1,"Fri","1030~59","NEWS_POLITICAL","CNN",0,1
1,1,0,0.444444444444444,0.20121411485852,0.395932250116454,1,"Mon","800~30","SLICE_OF_LIFE","NBC",0,1
1,1,0,0.4,0.20121411485852,0.395932250116454,1,"Mon","930~59","COMEDY","CBS",0,1
1,1,0,0.4,0.20121411485852,0.395932250116454,17,"Sat","1000~30","SLICE_OF_LIFE","Other",1,0
1,1,0,0.625,0.20121411485852,0.395932250116454,17,"Sun","800~30","DOCUMENTARY","TLC",1,0
1,1,0,0.4,0.20121411485852,0.395932250116454,16,"Tue","830~59","NEWS_POLITICAL","HLN",1,0
1,1,0,0.25,0.20121411485852,0.395932250116454,16,"Fri","800~30","SLICE_OF_LIFE","DISC",1,0
1,1,0,0.357142857142857,0.20121411485852,0.395932250116454,16,"Fri","1030~59","NEWS_POLITICAL","MSNB",1,0
1,1,0,0.263157894736842,0.20121411485852,0.395932250116454,16,"Fri","1030~59","SLICE_OF_LIFE","DISC",1,0
1,1,0,0.705882352941177,0.20121411485852,0.395932250116454,16,"Sun","900~30","DOCUMENTARY","TLC",1,0
1,1,0,0.5,0.20121411485852,0.395932250116454,16,"Sun","900~30","SLICE_OF_LIFE","DISC",1,0
1,1,0,0.375,0.20121411485852,0.395932250116454,16,"Sun","1030~59","DOCUMENTARY","Other",1,0
1,1,0,0.375,0.20121411485852,0.395932250116454,16,"Sun","1030~59","NEWS_POLITICAL","ID",1,0
1,1,0,0.25,0.20121411485852,0.395932250116454,15,"Tue","830~59","NEWS_POLITICAL","HLN",1,0
1,1,0,0.555555555555556,0.20121411485852,0.395932250116454,15,"Tue","900~30","SLICE_OF_LIFE","TLC",1,0
1,1,0,0.333333333333333,0.20121411485852,0.395932250116454,15,"Wed","830~59","NEWS_POLITICAL","CNN",1,0
1,1,0,0.272727272727273,0.20121411485852,0.395932250116454,15,"Wed","930~59","SLICE_OF_LIFE","TLC",1,0
1,1,0,0.428571428571429,0.20121411485852,0.395932250116454,15,"Wed","1030~59","SLICE_OF_LIFE","TLC",1,0
1,1,0,0.333333333333333,0.20121411485852,0.395932250116454,15,"Thu","800~30","NEWS_POLITICAL","HLN",1,0
1,1,0,0.3,0.20121411485852,0.395932250116454,15,"Fri","930~59","DOCUMENTARY","DISC",1,0
1,1,0,0.111111111111111,0.20121411485852,0.395932250116454,15,"Sun","930~59","DOCUMENTARY","TLC",1,0
1,1,0,0.454545454545455,0.20121411485852,0.395932250116454,15,"Sun","1030~59","NEWS_POLITICAL","ID",1,0
1,1,0,0.4,0.20121411485852,0.395932250116454,14,"Tue","900~30","NEWS_POLITICAL","CNN",1,0
1,1,0,0.333333333333333,0.20121411485852,0.395932250116454,14,"Tue","1000~30","SUSPENSE_MYSTERY","ID",1,0
1,1,0,0.333333333333333,0.20121411485852,0.395932250116454,14,"Wed","830~59","NEWS_POLITICAL","CNN",1,0
1,1,0,0.375,0.20121411485852,0.395932250116454,14,"Thu","800~30","NEWS_POLITICAL","HLN",1,0
1,1,0,0.7,0.20121411485852,0.395932250116454,14,"Wed","900~30","SLICE_OF_LIFE","HIST",1,0
1,1,0,0.166666666666667,0.20121411485852,0.395932250116454,16,"Tue","830~59","NEWS_POLITICAL","MSNB",1,0
1,1,0,0.125,0.20121411485852,0.395932250116454,16,"Tue","1030~59","NEWS_POLITICAL","MSNB",1,0
1,1,0,0.166666666666667,0.20121411485852,0.395932250116454,16,"Wed","800~30","NEWS_POLITICAL","MSNB",1,0
1,1,0,0.166666666666667,0.20121411485852,0.395932250116454,16,"Thu","930~59","NEWS_POLITICAL","MSNB",1,0
1,1,0,0.142857142857143,0.20121411485852,0.395932250116454,16,"Thu","930~59","NEWS_POLITICAL","MSNB",1,0
1,1,0,0.6,0.20121411485852,0.395932250116454,15,"Wed","830~59","NEWS_POLITICAL","MSNB",1,0
1,1,0,0.333333333333333,0.20121411485852,0.395932250116454,15,"Thu","800~30","NEWS_POLITICAL","MSNB",1,0
0,1,0,0.8,0.370375555137549,0.388738353791624,14,"Mon","1030~59","NEWS_POLITICAL","FNEW",1,0
1,0,0,0.6,0.0513150094667338,0.337133922556335,14,"Sat","1030~59","SPORTS","NBC",1,0
1,0,0,0.666666666666667,0.0513150094667338,0.337133922556335,12,"Wed","830~59","SPORTS","NBC",1,0
1,0,0,0.2,0.0513150094667338,0.337133922556335,12,"Fri","930~59","SPORTS","NBC",1,0
1,0,0,0.6,0.0513150094667338,0.337133922556335,13,"Mon","830~59","SPORTS","NBC",1,0
1,0,0,0.6,0.0513150094667338,0.337133922556335,12,"Mon","1030~59","SPORTS","NBC",1,0
1,0,0,0.4,0.0513150094667338,0.337133922556335,13,"Sun","800~30","SPORTS","NBC",1,0
1,0,0,0.6,0.0513150094667338,0.337133922556335,13,"Wed","1030~59","SPORTS","NBC",1,0
1,0,0,0.857142857142857,0.0513150094667338,0.337133922556335,14,"Sun","1000~30","SPORTS","Other",1,0
1,0,0,0.666666666666667,0.0513150094667338,0.337133922556335,13,"Fri","830~59","SPORTS","NBC",1,0
1,1,0,0.777777777777778,0.0453659643365635,0.369225082325871,13,"Tue","1000~30","SPORTS","NBC",1,0
1,1,0,0.5,0.0453659643365635,0.369225082325871,13,"Fri","1030~59","SPORTS","NBC",1,0
1,1,0,0.333333333333333,0.0453659643365635,0.369225082325871,13,"Sat","900~30","SPORTS","NBC",1,0
1,1,0,0.6,0.0453659643365635,0.369225082325871,12,"Tue","830~59","SPORTS","NBC",1,0
1,1,0,0.285714285714286,0.0453659643365635,0.369225082325871,12,"Thu","830~59","SPORTS","NBC",1,0
1,1,0,0.285714285714286,0.0453659643365635,0.369225082325871,12,"Sat","900~30","SPORTS","NBC",1,0
1,1,0,0.666666666666667,0.0453659643365635,0.369225082325871,13,"Tue","1000~30","SPORTS","NBC",1,0
1,1,0,0.375,0.0453659643365635,0.369225082325871,13,"Fri","1030~59","SPORTS","NBC",1,0
1,1,0,0.166666666666667,0.0453659643365635,0.369225082325871,13,"Sat","900~30","SPORTS","NBC",1,0
1,1,0,0.833333333333333,0.0453659643365635,0.369225082325871,13,"Sun","1030~59","SPORTS","NBC",1,0
1,1,0,0.4,0.0453659643365635,0.369225082325871,12,"Tue","830~59","SPORTS","NBC",1,0
1,1,0,0.142857142857143,0.0453659643365635,0.369225082325871,12,"Thu","830~59","SPORTS","NBC",1,0
1,1,0,0.142857142857143,0.0453659643365635,0.369225082325871,12,"Sat","900~30","SPORTS","NBC",1,0
1,1,0,0.4,0.0453659643365635,0.369225082325871,14,"Sat","830~59","SPORTS","Other",1,0
1,1,0,0.166666666666667,0.0453659643365635,0.369225082325871,14,"Sun","830~59","SPORTS","Other",1,0
1,1,0,0.5,-0.625239436485431,0.435211840127897,14,"Sun","930~59","MOVIE","LMN",1,0
1,1,0,0.4,-0.625239436485431,0.435211840127897,14,"Sun","1000~30","COMEDY","TVL",1,0
1,1,0,0.333333333333333,-0.625239436485431,0.435211840127897,13,"Sun","1000~30","COMEDY","TVL",1,0
1,1,0,0.363636363636364,-0.625239436485431,0.435211840127897,12,"Sun","1000~30","COMEDY","TVL",1,0
1,1,0,0.571428571428571,-0.625239436485431,0.435211840127897,14,"Sat","930~59","MOVIE","LIFE",1,0
1,1,0,0.727272727272727,-0.625239436485431,0.435211840127897,13,"Wed","900~30","SLICE_OF_LIFE","HIST",1,0
1,1,0,0.8,-0.625239436485431,0.435211840127897,13,"Thu","930~59","DOCUMENTARY","HIST",1,0
1,1,0,0.714285714285714,-0.625239436485431,0.435211840127897,13,"Thu","1030~59","DOCUMENTARY","HIST",1,0
1,1,0,0.666666666666667,-0.625239436485431,0.435211840127897,13,"Fri","930~59","DOCUMENTARY","HIST",1,0
1,1,0,0.7,-0.625239436485431,0.435211840127897,13,"Sun","800~30","DOCUMENTARY","HIST",1,0
1,1,0,0.666666666666667,-0.625239436485431,0.435211840127897,13,"Sun","1000~30","SLICE_OF_LIFE","HIST",1,0
1,1,0,0.818181818181818,-0.625239436485431,0.435211840127897,13,"Sun","1030~59","SLICE_OF_LIFE","HIST",1,0
1,1,0,0.6,-0.625239436485431,0.435211840127897,12,"Fri","900~30","DOCUMENTARY","HIST",1,0
1,1,0,0.777777777777778,-0.625239436485431,0.435211840127897,7,"Thu","1000~30","DOCUMENTARY","HIST",1,0
1,1,0,0.454545454545455,-0.625239436485431,0.435211840127897,12,"Wed","830~59","NEWS_POLITICAL","HLN",1,0
1,1,0,0.6,-0.625239436485431,0.435211840127897,14,"Sun","830~59","SPORTS","NBC",1,0
1,1,0,0.428571428571429,-0.625239436485431,0.435211840127897,14,"Sun","900~30","DOCUMENTARY","TLC",1,0
1,1,0,0.0909090909090909,-0.625239436485431,0.435211840127897,14,"Sun","930~59","SLICE_OF_LIFE","DISC",1,0
1,1,0,0.25,-0.625239436485431,0.435211840127897,13,"Thu","930~59","NEWS_POLITICAL","CNN",1,0
1,1,0,0.181818181818182,-0.625239436485431,0.435211840127897,13,"Thu","1030~59","DOCUMENTARY","ID",1,0
1,1,0,0.6,-0.625239436485431,0.435211840127897,13,"Thu","1030~59","NEWS_POLITICAL","CNN",1,0
1,1,0,0.333333333333333,-0.625239436485431,0.435211840127897,12,"Wed","800~30","NEWS_POLITICAL","CNN",1,0
1,1,0,0.3,-0.625239436485431,0.435211840127897,12,"Wed","930~59","SLICE_OF_LIFE","TLC",1,0
1,1,0,0.2,-0.625239436485431,0.435211840127897,12,"Wed","1000~30","SUSPENSE_MYSTERY","ID",1,0
1,1,0,0.222222222222222,-0.625239436485431,0.435211840127897,12,"Wed","1000~30","SLICE_OF_LIFE","TLC",1,0
1,1,0,0.222222222222222,-0.625239436485431,0.435211840127897,12,"Thu","1030~59","DOCUMENTARY","ID",1,0
1,1,0,0.3,-0.625239436485431,0.435211840127897,12,"Thu","1030~59","NEWS_POLITICAL","CNN",1,0
1,1,0,0.444444444444444,-0.625239436485431,0.435211840127897,12,"Fri","900~30","DOCUMENTARY","DISC",1,0
1,1,0,0.3,-0.625239436485431,0.435211840127897,12,"Sun","1000~30","NEWS_POLITICAL","ID",1,0
1,1,0,0.5,-0.625239436485431,0.435211840127897,11,"Tue","1000~30","SUSPENSE_MYSTERY","ID",1,0
1,1,0,0.5,-0.625239436485431,0.435211840127897,14,"Fri","1000~30","DRAMA_ADVENTURE","LMN",1,0
1,1,0,0.75,-0.625239436485431,0.435211840127897,14,"Sun","800~30","MOVIE","LMN",1,0
1,1,0,0.785714285714286,-0.625239436485431,0.435211840127897,11,"Mon","1030~59","MOVIE","LIFE",1,0
0,1,0,0.583333333333333,-0.244725628977844,0.451980634655614,12,"Wed","1030~59","NEWS_POLITICAL","FNEW",1,0
0,1,0,0.333333333333333,-0.32458361030575,0.304087901674888,10,"Tue","900~30","NEWS_POLITICAL","FNEW",1,0
0,1,0,0.1,-0.32458361030575,0.304087901674888,11,"Wed","1000~30","SLICE_OF_LIFE","HIST",1,0
0,1,0,0.375,-0.32458361030575,0.304087901674888,11,"Tue","930~59","NEWS_POLITICAL","FNEW",1,0
0,1,0,0.857142857142857,-0.32458361030575,0.304087901674888,12,"Tue","930~59","SLICE_OF_LIFE","HIST",1,0
0,1,0,0.444444444444444,-0.32458361030575,0.304087901674888,15,"Thu","800~30","NEWS_POLITICAL","CNN",1,0
0,1,0,0.714285714285714,-0.32458361030575,0.304087901674888,12,"Thu","900~30","NEWS_POLITICAL","FNEW",1,0
0,1,0,0.777777777777778,-0.32458361030575,0.304087901674888,13,"Thu","930~59","NEWS_POLITICAL","FNEW",1,0
1,1,0,0.75,0.219552273338566,0.395923224097387,13,"Fri","830~59","NEWS_POLITICAL","CNN",1,0
1,1,0,0.727272727272727,0.219552273338566,0.395923224097387,13,"Wed","1030~59","NEWS_POLITICAL","FNEW",1,0
1,1,0,0.818181818181818,0.219552273338566,0.395923224097387,13,"Wed","1030~59","NEWS_POLITICAL","FNEW",1,0
1,1,0,0.5,0.219552273338566,0.395923224097387,13,"Fri","800~30","NEWS_POLITICAL","MSNB",1,0
1,1,0,0.625,-0.38884913529994,0.510022352941139,11,"Fri","930~59","SLICE_OF_LIFE","A&E",1,0
1,1,0,0.583333333333333,-0.38884913529994,0.510022352941139,11,"Sat","900~30","MOVIE","LIFE",1,0
1,1,0,0.4,-0.38884913529994,0.510022352941139,11,"Sun","1030~59","DOCUMENTARY","A&E",1,0
1,1,0,0.5,-0.38884913529994,0.510022352941139,10,"Wed","830~59","SLICE_OF_LIFE","LIFE",1,0
1,1,0,0.642857142857143,-0.38884913529994,0.510022352941139,10,"Sat","830~59","MOVIE","LIFE",1,0
1,1,0,0.636363636363636,-0.38884913529994,0.510022352941139,10,"Sun","800~30","SLICE_OF_LIFE","A&E",1,0
1,1,0,0.454545454545455,-0.38884913529994,0.510022352941139,10,"Sun","930~59","SLICE_OF_LIFE","A&E",1,0
1,1,0,0.545454545454545,-0.38884913529994,0.510022352941139,10,"Sun","930~59","SLICE_OF_LIFE","A&E",1,0
1,1,0,0.636363636363636,-0.38884913529994,0.510022352941139,10,"Sun","930~59","SLICE_OF_LIFE","A&E",1,0
1,1,0,0.0454545454545455,-0.38884913529994,0.510022352941139,1,"Fri","1030~59","SLICE_OF_LIFE","DISC",0,1
1,1,0,0.333333333333333,-0.38884913529994,0.510022352941139,1,"Sat","900~30","SLICE_OF_LIFE","TLC",0,1
1,1,0,0.545454545454545,-0.38884913529994,0.510022352941139,1,"Sun","930~59","DOCUMENTARY","BRAV",0,1
1,1,0,0.5,-0.38884913529994,0.510022352941139,1,"Sun","1030~59","SLICE_OF_LIFE","Other",0,1
1,1,0,0.833333333333333,-0.38884913529994,0.510022352941139,11,"Thu","900~30","DOCUMENTARY","HIST",1,0
1,1,0,0.666666666666667,-0.38884913529994,0.510022352941139,11,"Sun","1000~30","SLICE_OF_LIFE","HIST",1,0
1,1,0,0.625,-0.38884913529994,0.510022352941139,10,"Wed","1000~30","SLICE_OF_LIFE","HIST",1,0
1,1,0,0.5,-0.38884913529994,0.510022352941139,9,"Tue","930~59","SLICE_OF_LIFE","HIST",1,0
1,1,0,0.625,-0.38884913529994,0.510022352941139,8,"Tue","900~30","SLICE_OF_LIFE","HIST",1,0
1,1,0,0.666666666666667,-0.38884913529994,0.510022352941139,11,"Fri","800~30","SLICE_OF_LIFE","LIFE",1,0
1,1,0,0.8,-0.38884913529994,0.510022352941139,10,"Sun","1000~30","DOCUMENTARY","A&E",1,0
1,1,0,0.615384615384615,-0.38884913529994,0.510022352941139,10,"Sun","1030~59","DOCUMENTARY","LMN",1,0
1,1,0,0.615384615384615,-0.38884913529994,0.510022352941139,9,"Tue","830~59","SLICE_OF_LIFE","LIFE",1,0
1,1,0,0.75,-0.38884913529994,0.510022352941139,9,"Tue","900~30","SLICE_OF_LIFE","LIFE",1,0
1,1,0,0.583333333333333,-0.38884913529994,0.510022352941139,9,"Tue","930~59","SLICE_OF_LIFE","LIFE",1,0
1,1,0,0.5,-0.38884913529994,0.510022352941139,10,"Sat","800~30","SLICE_OF_LIFE","A&E",1,0
1,1,0,0.5,-0.38884913529994,0.510022352941139,10,"Sat","830~59","MOVIE","LIFE",1,0
1,1,0,0.545454545454545,-0.38884913529994,0.510022352941139,10,"Sat","830~59","SLICE_OF_LIFE","A&E",1,0
1,1,0,0.416666666666667,-0.38884913529994,0.510022352941139,10,"Sat","930~59","SLICE_OF_LIFE","A&E",1,0
1,1,0,0.454545454545455,-0.38884913529994,0.510022352941139,10,"Sun","800~30","SLICE_OF_LIFE","A&E",1,0
1,1,0,0.6,-0.38884913529994,0.510022352941139,10,"Sun","1000~30","DOCUMENTARY","A&E",1,0
1,1,0,0.727272727272727,-0.38884913529994,0.510022352941139,9,"Mon","900~30","DOCUMENTARY","A&E",1,0
1,1,0,0.777777777777778,-0.38884913529994,0.510022352941139,9,"Mon","1030~59","DOCUMENTARY","A&E",1,0
1,1,0,0.461538461538462,-0.38884913529994,0.510022352941139,9,"Tue","830~59","SLICE_OF_LIFE","LIFE",1,0
1,1,0,0.583333333333333,-0.38884913529994,0.510022352941139,9,"Tue","900~30","SLICE_OF_LIFE","LIFE",1,0
1,1,0,0.416666666666667,-0.38884913529994,0.510022352941139,9,"Tue","930~59","SLICE_OF_LIFE","LIFE",1,0
1,1,0,0.571428571428571,-0.38884913529994,0.510022352941139,10,"Sat","830~59","MOVIE","LIFE",1,0
1,1,0,0.545454545454545,-0.38884913529994,0.510022352941139,10,"Sun","800~30","SLICE_OF_LIFE","A&E",1,0
1,1,0,0.7,-0.38884913529994,0.510022352941139,10,"Sun","1000~30","DOCUMENTARY","A&E",1,0
1,1,0,0.538461538461538,-0.38884913529994,0.510022352941139,9,"Tue","830~59","SLICE_OF_LIFE","LIFE",1,0
1,1,0,0.666666666666667,-0.38884913529994,0.510022352941139,9,"Tue","900~30","SLICE_OF_LIFE","LIFE",1,0
1,1,0,0.5,-0.38884913529994,0.510022352941139,9,"Tue","930~59","SLICE_OF_LIFE","LIFE",1,0
1,1,0,0.571428571428571,-0.38884913529994,0.510022352941139,1,"Sun","800~30","SPORTS","NBC",0,1
1,1,0,0.7,-0.38884913529994,0.510022352941139,1,"Sun","1030~59","DOCUMENTARY","HIST",0,1
1,1,0,0.8,-0.38884913529994,0.510022352941139,1,"Sun","1030~59","DOCUMENTARY","HIST",0,1
1,1,0,0.5,-0.38884913529994,0.510022352941139,1,"Mon","830~59","COMEDY","CBS",0,1
1,1,0,0.5,-0.38884913529994,0.510022352941139,1,"Mon","1000~30","DRAMA_ADVENTURE","CBS",0,1
1,1,0,0.5,-0.38884913529994,0.510022352941139,11,"Tue","930~59","NEWS_POLITICAL","CNN",1,0
1,1,0,0.333333333333333,-0.38884913529994,0.510022352941139,11,"Wed","800~30","NEWS_POLITICAL","CNN",1,0
1,1,0,0.636363636363636,-0.38884913529994,0.510022352941139,11,"Wed","830~59","NEWS_POLITICAL","HLN",1,0
1,1,0,0.0714285714285714,-0.38884913529994,0.510022352941139,11,"Wed","900~30","DOCUMENTARY","TLC",1,0
1,1,0,0.416666666666667,-0.38884913529994,0.510022352941139,11,"Wed","900~30","DOCUMENTARY","ID",1,0
1,1,0,0.555555555555556,-0.38884913529994,0.510022352941139,11,"Wed","1000~30","SUSPENSE_MYSTERY","ID",1,0
1,1,0,0.888888888888889,-0.38884913529994,0.510022352941139,11,"Wed","1030~59","DRAMA_ADVENTURE","OWN",1,0
1,1,0,0.545454545454545,-0.38884913529994,0.510022352941139,11,"Wed","1030~59","SLICE_OF_LIFE","TLC",1,0
1,1,0,0.25,-0.38884913529994,0.510022352941139,11,"Wed","1030~59","NEWS_POLITICAL","CNN",1,0
1,1,0,0.333333333333333,-0.38884913529994,0.510022352941139,11,"Thu","1000~30","DOCUMENTARY","ID",1,0
1,1,0,0.428571428571429,-0.38884913529994,0.510022352941139,11,"Thu","1030~59","NEWS_POLITICAL","CNN",1,0
1,1,0,0.571428571428571,-0.38884913529994,0.510022352941139,11,"Fri","1000~30","SLICE_OF_LIFE","DISC",1,0
1,1,0,0.6,-0.38884913529994,0.510022352941139,11,"Sun","830~59","DOCUMENTARY","TLC",1,0
1,1,0,0.333333333333333,-0.38884913529994,0.510022352941139,11,"Sun","930~59","DOCUMENTARY","TLC",1,0
1,1,0,0.125,-0.38884913529994,0.510022352941139,11,"Sun","1000~30","NEWS_POLITICAL","ID",1,0
1,1,0,0.615384615384615,-0.38884913529994,0.510022352941139,10,"Tue","830~59","NEWS_POLITICAL","HLN",1,0
1,1,0,0.714285714285714,-0.38884913529994,0.510022352941139,10,"Tue","930~59","NEWS_POLITICAL","CNN",1,0
1,1,0,0.5,-0.38884913529994,0.510022352941139,10,"Wed","800~30","NEWS_POLITICAL","HLN",1,0
1,1,0,0.3,-0.38884913529994,0.510022352941139,10,"Wed","830~59","NEWS_POLITICAL","CNN",1,0
1,1,0,0.4,-0.38884913529994,0.510022352941139,10,"Wed","900~30","DOCUMENTARY","ID",1,0
1,1,0,0.466666666666667,-0.38884913529994,0.510022352941139,10,"Wed","930~59","DOCUMENTARY","ID",1,0
1,1,0,0.333333333333333,-0.38884913529994,0.510022352941139,10,"Wed","1000~30","SUSPENSE_MYSTERY","ID",1,0
1,1,0,0.222222222222222,-0.38884913529994,0.510022352941139,10,"Wed","1030~59","DRAMA_ADVENTURE","OWN",1,0
1,1,0,0.333333333333333,-0.38884913529994,0.510022352941139,10,"Wed","1030~59","SLICE_OF_LIFE","TLC",1,0
1,1,0,0.75,-0.38884913529994,0.510022352941139,10,"Thu","1000~30","SLICE_OF_LIFE","TRU",1,0
1,1,0,0.444444444444444,-0.38884913529994,0.510022352941139,10,"Thu","1030~59","DOCUMENTARY","ID",1,0
1,1,0,0.222222222222222,-0.38884913529994,0.510022352941139,10,"Sun","1030~59","SLICE_OF_LIFE","TLC",1,0
1,1,0,0.230769230769231,-0.38884913529994,0.510022352941139,9,"Mon","830~59","SLICE_OF_LIFE","DISC",1,0
1,1,0,0.3,-0.38884913529994,0.510022352941139,9,"Mon","930~59","SLICE_OF_LIFE","ID",1,0
1,1,0,0.333333333333333,-0.38884913529994,0.510022352941139,9,"Mon","930~59","DOCUMENTARY","DISC",1,0
1,1,0,0.5,-0.38884913529994,0.510022352941139,9,"Mon","1030~59","DOCUMENTARY","DISC",1,0
1,1,0,0.454545454545455,-0.38884913529994,0.510022352941139,9,"Tue","900~30","SLICE_OF_LIFE","TLC",1,0
1,1,0,0.222222222222222,-0.38884913529994,0.510022352941139,9,"Tue","930~59","DOCUMENTARY","DISC",1,0
1,1,0,0.2,-0.38884913529994,0.510022352941139,9,"Tue","930~59","SLICE_OF_LIFE","TLC",1,0
1,1,0,0.444444444444444,-0.38884913529994,0.510022352941139,9,"Tue","1000~30","NEWS_POLITICAL","MSNB",1,0
1,1,0,0.6,-0.38884913529994,0.510022352941139,9,"Thu","900~30","NEWS_POLITICAL","MSNB",1,0
1,1,0,0.833333333333333,-0.38884913529994,0.510022352941139,9,"Thu","930~59","NEWS_POLITICAL","MSNB",1,0
1,1,0,0.5,-0.38884913529994,0.510022352941139,1,"Wed","830~59","SLICE_OF_LIFE","TLC",0,1
1,1,0,0.4,-0.38884913529994,0.510022352941139,1,"Wed","1030~59","NEWS_POLITICAL","CNN",0,1
1,1,0,0.6,-0.38884913529994,0.510022352941139,1,"Thu","930~59","SLICE_OF_LIFE","TRU",0,1
1,1,0,0.25,-0.38884913529994,0.510022352941139,1,"Thu","1000~30","NEWS_POLITICAL","CNN",0,1
1,1,0,0.666666666666667,-0.38884913529994,0.510022352941139,1,"Fri","930~59","NEWS_POLITICAL","MSNB",0,1
1,1,0,0.416666666666667,-0.131327591429047,0.306104109049046,15,"Wed","1000~30","SUSPENSE_MYSTERY","ID",1,0
1,1,0,0.7,-0.131327591429047,0.306104109049046,9,"Wed","830~59","SLICE_OF_LIFE","LIFE",1,0
1,1,0,0.666666666666667,-0.131327591429047,0.306104109049046,9,"Thu","900~30","DOCUMENTARY","HIST",1,0
1,1,0,0.75,-0.131327591429047,0.306104109049046,9,"Thu","930~59","DOCUMENTARY","HIST",1,0
1,1,0,0.555555555555556,-0.131327591429047,0.306104109049046,9,"Sat","1030~59","DOCUMENTARY","LMN",1,0
1,1,0,0.625,-0.131327591429047,0.306104109049046,9,"Sat","1030~59","DOCUMENTARY","LIFE",1,0
1,1,0,0.428571428571429,-0.131327591429047,0.306104109049046,8,"Thu","800~30","SLICE_OF_LIFE","LIFE",1,0
1,1,0,0.583333333333333,-0.131327591429047,0.306104109049046,8,"Tue","800~30","SLICE_OF_LIFE","LIFE",1,0
1,1,0,0.6,-0.131327591429047,0.306104109049046,8,"Wed","1030~59","DRAMA_ADVENTURE","FX",1,0
1,1,0,0.777777777777778,-0.131327591429047,0.306104109049046,8,"Fri","930~59","SLICE_OF_LIFE","LIFE",1,0
1,1,0,0.583333333333333,-0.131327591429047,0.306104109049046,7,"Tue","800~30","SLICE_OF_LIFE","LIFE",1,0
1,1,0,0.714285714285714,-0.131327591429047,0.306104109049046,7,"Wed","800~30","SLICE_OF_LIFE","LIFE",1,0
1,1,0,0.5,-0.131327591429047,0.306104109049046,7,"Wed","930~59","SLICE_OF_LIFE","LIFE",1,0
1,1,0,0.357142857142857,-0.131327591429047,0.306104109049046,9,"Wed","800~30","SLICE_OF_LIFE","TLC",1,0
1,1,0,0.375,-0.131327591429047,0.306104109049046,9,"Wed","830~59","SLICE_OF_LIFE","TLC",1,0
1,1,0,0.6,-0.131327591429047,0.306104109049046,7,"Fri","900~30","SLICE_OF_LIFE","LIFE",1,0
1,1,0,0.818181818181818,-0.131327591429047,0.306104109049046,8,"Mon","930~59","NEWS_POLITICAL","MSNB",1,0
1,1,0,0.4,-0.131327591429047,0.306104109049046,8,"Mon","1030~59","NEWS_POLITICAL","Other",1,0
1,1,0,0.9,-0.131327591429047,0.306104109049046,8,"Tue","930~59","NEWS_POLITICAL","MSNB",1,0
1,1,0,0.375,-0.131327591429047,0.306104109049046,8,"Fri","830~59","NEWS_POLITICAL","CNN",1,0
1,1,0,0.5,-0.131327591429047,0.306104109049046,9,"Sat","900~30","DOCUMENTARY","LMN",1,0
1,1,0,0.714285714285714,-0.131327591429047,0.306104109049046,9,"Sat","930~59","MOVIE","LIFE",1,0
1,1,0,0.6,-0.131327591429047,0.306104109049046,9,"Wed","900~30","DOCUMENTARY","DISC",1,0
1,1,0,0.333333333333333,-0.131327591429047,0.306104109049046,9,"Wed","900~30","DOCUMENTARY","ID",1,0
1,1,0,0.5,-0.131327591429047,0.306104109049046,9,"Wed","930~59","DOCUMENTARY","ID",1,0
1,1,0,0.6,-0.131327591429047,0.306104109049046,9,"Wed","930~59","DOCUMENTARY","TLC",1,0
1,1,0,0.454545454545455,-0.131327591429047,0.306104109049046,9,"Wed","1030~59","SLICE_OF_LIFE","TLC",1,0
1,1,0,0.5,-0.131327591429047,0.306104109049046,9,"Fri","930~59","DOCUMENTARY","ID",1,0
1,1,0,0.294117647058824,-0.131327591429047,0.306104109049046,9,"Fri","930~59","SLICE_OF_LIFE","DISC",1,0
1,1,0,0.5,-0.131327591429047,0.306104109049046,8,"Sun","1000~30","NEWS_POLITICAL","ID",1,0
1,1,0,0.7,-0.131327591429047,0.306104109049046,8,"Sat","830~59","MOVIE","LIFE",1,0
1,1,0,0.384615384615385,-0.131327591429047,0.306104109049046,8,"Sat","1030~59","SLICE_OF_LIFE","A&E",1,0
1,1,0,0.875,-0.131327591429047,0.306104109049046,9,"Fri","1000~30","SPORTS","SPK",1,0
1,1,0,0.4,-0.131327591429047,0.306104109049046,9,"Fri","1000~30","SPORTS","SPK",1,0
1,1,0,0.5,-0.131327591429047,0.306104109049046,8,"Sat","900~30","SPORTS","Other",1,0
1,1,0,0.333333333333333,-0.131327591429047,0.306104109049046,8,"Sun","730~59","SPORTS","ESP2",1,0
1,1,0,0.125,-0.131327591429047,0.306104109049046,8,"Wed","1030~59","NEWS_POLITICAL","MSNB",1,0
1,1,0,0.285714285714286,-0.131327591429047,0.306104109049046,8,"Thu","1030~59","NEWS_POLITICAL","MSNB",1,0
1,1,0,0.2,-0.131327591429047,0.306104109049046,8,"Fri","830~59","NEWS_POLITICAL","MSNB",1,0
1,1,0,0.444444444444444,-0.131327591429047,0.306104109049046,8,"Tue","1030~59","SLICE_OF_LIFE","HIST",1,0
1,1,0,0.5,-0.131327591429047,0.306104109049046,7,"Wed","800~30","NEWS_POLITICAL","CNN",1,0
1,1,0,0.666666666666667,-0.131327591429047,0.306104109049046,7,"Thu","930~59","NEWS_POLITICAL","MSNB",1,0
1,1,0,0.555555555555556,-0.131327591429047,0.306104109049046,8,"Sun","800~30","DOCUMENTARY","A&E",1,0
1,1,0,0.222222222222222,-0.131327591429047,0.306104109049046,9,"Fri","1030~59","SLICE_OF_LIFE","DISC",1,0
1,1,0,0.181818181818182,-0.131327591429047,0.306104109049046,9,"Sat","800~30","DOCUMENTARY","DISC",1,0
1,1,0,0.0909090909090909,-0.131327591429047,0.306104109049046,9,"Sat","830~59","SLICE_OF_LIFE","TLC",1,0
1,1,0,0.428571428571429,-0.131327591429047,0.306104109049046,9,"Sat","1030~59","SLICE_OF_LIFE","TLC",1,0
1,1,0,0.5,-0.131327591429047,0.306104109049046,8,"Mon","900~30","SLICE_OF_LIFE","ID",1,0
1,1,0,0.882352941176471,-0.131327591429047,0.306104109049046,8,"Tue","930~59","SLICE_OF_LIFE","DISC",1,0
1,1,0,0.6,-0.131327591429047,0.306104109049046,8,"Tue","930~59","SLICE_OF_LIFE","TLC",1,0
1,1,0,0.416666666666667,-0.131327591429047,0.306104109049046,8,"Wed","830~59","SLICE_OF_LIFE","TLC",1,0
1,1,0,0.571428571428571,-0.131327591429047,0.306104109049046,8,"Wed","930~59","SUSPENSE_MYSTERY","ID",1,0
1,1,0,0.222222222222222,-0.131327591429047,0.306104109049046,7,"Mon","900~30","SLICE_OF_LIFE","ID",1,0
1,1,0,0.142857142857143,-0.131327591429047,0.306104109049046,7,"Tue","900~30","SLICE_OF_LIFE","DISC",1,0
1,1,0,0.333333333333333,-0.131327591429047,0.306104109049046,7,"Wed","930~59","DOCUMENTARY","ID",1,0
1,1,0,0.625,-0.131327591429047,0.306104109049046,9,"Fri","800~30","SLICE_OF_LIFE","LIFE",1,0
1,1,0,0.5,-0.131327591429047,0.306104109049046,9,"Fri","930~59","SLICE_OF_LIFE","LIFE",1,0
1,1,0,0.75,-0.131327591429047,0.306104109049046,9,"Fri","1000~30","SLICE_OF_LIFE","LIFE",1,0
1,1,0,0.555555555555556,-0.131327591429047,0.306104109049046,8,"Tue","1030~59","SLICE_OF_LIFE","HIST",1,0
1,1,0,0.8,-0.131327591429047,0.306104109049046,8,"Thu","900~30","SPORTS","ESPN",1,0
1,1,0,0.363636363636364,0.409344738244024,0.372278121027084,8,"Sun","1030~59","NEWS_POLITICAL","ID",1,0
1,1,0,0.666666666666667,0.409344738244024,0.372278121027084,7,"Mon","900~30","SLICE_OF_LIFE","DISC",1,0
1,1,0,0.142857142857143,0.409344738244024,0.372278121027084,7,"Mon","930~59","NEWS_POLITICAL","MSNB",1,0
1,1,0,0.833333333333333,0.409344738244024,0.372278121027084,7,"Mon","1030~59","NEWS_POLITICAL","Other",1,0
1,1,0,0.666666666666667,0.409344738244024,0.372278121027084,7,"Tue","830~59","SLICE_OF_LIFE","DISC",1,0
1,1,0,0.25,0.409344738244024,0.372278121027084,7,"Tue","1030~59","NEWS_POLITICAL","MSNB",1,0
1,1,0,0.5,0.409344738244024,0.372278121027084,7,"Wed","800~30","NEWS_POLITICAL","MSNB",1,0
1,1,0,0.5,0.409344738244024,0.372278121027084,7,"Wed","830~59","SLICE_OF_LIFE","TLC",1,0
1,1,0,0.461538461538462,0.409344738244024,0.372278121027084,7,"Wed","900~30","DOCUMENTARY","ID",1,0
1,1,0,0.545454545454545,0.409344738244024,0.372278121027084,9,"Sat","800~30","SLICE_OF_LIFE","TLC",1,0
1,1,0,0.4,0.409344738244024,0.372278121027084,9,"Sat","930~59","SLICE_OF_LIFE","TLC",1,0
1,1,0,0.285714285714286,0.409344738244024,0.372278121027084,8,"Tue","830~59","NEWS_POLITICAL","MSNB",1,0
1,1,0,0.666666666666667,0.409344738244024,0.372278121027084,8,"Tue","900~30","SLICE_OF_LIFE","TLC",1,0
1,1,0,0.555555555555556,0.409344738244024,0.372278121027084,8,"Tue","900~30","SLICE_OF_LIFE","DISC",1,0
1,1,0,0.25,0.409344738244024,0.372278121027084,8,"Tue","1030~59","SLICE_OF_LIFE","DISC",1,0
1,1,0,0.0833333333333333,0.409344738244024,0.372278121027084,8,"Wed","900~30","SUSPENSE_MYSTERY","ID",1,0
1,1,0,0.5,0.409344738244024,0.372278121027084,8,"Wed","900~30","DOCUMENTARY","TLC",1,0
1,1,0,0.571428571428571,0.409344738244024,0.372278121027084,8,"Wed","900~30","SLICE_OF_LIFE","Other",1,0
1,1,0,0.125,0.409344738244024,0.372278121027084,8,"Thu","930~59","NEWS_POLITICAL","MSNB",1,0
1,1,0,0.833333333333333,0.409344738244024,0.372278121027084,7,"Thu","1000~30","SLICE_OF_LIFE","TRU",1,0
1,1,0,0.833333333333333,0.409344738244024,0.372278121027084,7,"Fri","800~30","SPORTS","ESP2",1,0
1,1,0,0.6,0.409344738244024,0.372278121027084,9,"Sat","830~59","DOCUMENTARY","LMN",1,0
1,1,0,0.727272727272727,0.409344738244024,0.372278121027084,9,"Sat","830~59","MOVIE","LIFE",1,0
1,1,0,0.857142857142857,0.409344738244024,0.372278121027084,9,"Sat","930~59","DOCUMENTARY","LMN",1,0
1,1,0,0.4,0.409344738244024,0.372278121027084,9,"Sat","1000~30","DOCUMENTARY","LIFE",1,0
1,1,0,0.5,0.409344738244024,0.372278121027084,8,"Wed","800~30","SLICE_OF_LIFE","LIFE",1,0
1,1,0,0.636363636363636,0.409344738244024,0.372278121027084,8,"Wed","900~30","SLICE_OF_LIFE","LIFE",1,0
1,1,0,0.545454545454545,0.409344738244024,0.372278121027084,8,"Fri","800~30","SLICE_OF_LIFE","LIFE",1,0
1,1,0,0.636363636363636,0.409344738244024,0.372278121027084,8,"Sat","800~30","MOVIE","LIFE",1,0
1,1,0,0.5625,0.409344738244024,0.372278121027084,8,"Sat","930~59","MOVIE","LIFE",1,0
1,1,0,0.583333333333333,0.409344738244024,0.372278121027084,7,"Tue","1000~30","SLICE_OF_LIFE","LIFE",1,0
1,1,0,0.222222222222222,0.409344738244024,0.372278121027084,7,"Tue","1000~30","COMEDY","FX",1,0
1,1,0,0.75,0.409344738244024,0.372278121027084,7,"Wed","830~59","SLICE_OF_LIFE","LIFE",1,0
1,1,0,0.666666666666667,0.409344738244024,0.372278121027084,7,"Wed","930~59","SLICE_OF_LIFE","A&E",1,0
1,1,0,0.181818181818182,0.409344738244024,0.372278121027084,7,"Wed","1030~59","DRAMA_ADVENTURE","FX",1,0
1,1,0,0.583333333333333,0.409344738244024,0.372278121027084,7,"Fri","830~59","SLICE_OF_LIFE","LIFE",1,0
1,1,0,0.545454545454545,0.409344738244024,0.372278121027084,7,"Sat","900~30","SLICE_OF_LIFE","SPK",1,0
0,0,0,0.4,-0.0567739958595188,0.346386145516069,7,"Thu","1030~59","NEWS_POLITICAL","CNN",1,0
0,0,0,0.444444444444444,-0.0567739958595188,0.346386145516069,7,"Thu","1000~30","NEWS_POLITICAL","CNN",1,0
0,0,0,0.571428571428571,-0.0567739958595188,0.346386145516069,7,"Thu","900~30","NEWS_POLITICAL","CNN",1,0
0,0,0,0.272727272727273,-0.0567739958595188,0.346386145516069,7,"Sun","800~30","NEWS_POLITICAL","CNN",1,0
0,0,0,0.125,-0.0567739958595188,0.346386145516069,6,"Mon","800~30","NEWS_POLITICAL","FNEW",1,0
0,0,0,0.375,-0.0567739958595188,0.346386145516069,6,"Thu","1000~30","NEWS_POLITICAL","CNN",1,0
0,0,0,0.555555555555556,-0.0567739958595188,0.346386145516069,5,"Mon","1030~59","NEWS_POLITICAL","CNN",0,1
0,0,0,0.75,-0.0567739958595188,0.346386145516069,7,"Thu","830~59","NEWS_POLITICAL","FNEW",1,0
0,0,0,0.2,-0.0567739958595188,0.346386145516069,15,"Thu","930~59","NEWS_POLITICAL","FNEW",1,0
0,0,0,0.75,-0.0567739958595188,0.346386145516069,7,"Fri","930~59","NEWS_POLITICAL","FNEW",1,0
0,0,0,0.4,-0.0567739958595188,0.346386145516069,6,"Mon","800~30","NEWS_POLITICAL","MSNB",1,0
0,0,0,0.375,-0.0567739958595188,0.346386145516069,7,"Wed","800~30","NEWS_POLITICAL","FNEW",1,0
1,0,0,0.727272727272727,0.482227372284169,0.303298681125715,6,"Sun","1000~30","SLICE_OF_LIFE","HIST",0,1
1,0,0,0.538461538461538,0.482227372284169,0.303298681125715,5,"Tue","830~59","SLICE_OF_LIFE","LIFE",0,1
1,0,0,0.166666666666667,0.482227372284169,0.303298681125715,6,"Wed","1000~30","NEWS_POLITICAL","MSNB",1,0
1,0,0,0.777777777777778,0.482227372284169,0.303298681125715,6,"Sun","930~59","DOCUMENTARY","A&E",0,1
1,0,0,0.222222222222222,0.482227372284169,0.303298681125715,5,"Sat","800~30","SUSPENSE_MYSTERY","ID",0,1
1,0,0,0.714285714285714,0.482227372284169,0.303298681125715,6,"Tue","1030~59","NEWS_POLITICAL","MSNB",1,0
1,0,0,0.363636363636364,0.482227372284169,0.303298681125715,6,"Tue","1030~59","NEWS_POLITICAL","CNN",1,0
1,0,0,0.4,0.482227372284169,0.303298681125715,6,"Wed","830~59","NEWS_POLITICAL","MSNB",1,0
1,0,0,0.777777777777778,0.482227372284169,0.303298681125715,6,"Thu","930~59","SLICE_OF_LIFE","HIST",1,0
1,0,0,0.2,0.482227372284169,0.303298681125715,6,"Tue","1030~59","SLICE_OF_LIFE","DISC",1,0
1,0,0,0.75,0.482227372284169,0.303298681125715,6,"Tue","930~59","NEWS_POLITICAL","MSNB",1,0
1,0,0,0.666666666666667,0.482227372284169,0.303298681125715,6,"Tue","930~59","SLICE_OF_LIFE","TLC",1,0
1,0,0,0.75,0.482227372284169,0.303298681125715,4,"Tue","1000~30","COMEDY","FX",0,1
1,0,0,0.285714285714286,0.482227372284169,0.303298681125715,5,"Wed","1000~30","SLICE_OF_LIFE","TLC",0,1
1,0,0,0.428571428571429,0.482227372284169,0.303298681125715,6,"Fri","1030~59","NEWS_POLITICAL","CNN",1,0
1,0,0,0.5,0.482227372284169,0.303298681125715,2,"Tue","1000~30","COMEDY","FX",0,1
1,0,0,0.111111111111111,0.482227372284169,0.303298681125715,3,"Sat","800~30","SUSPENSE_MYSTERY","ID",0,1
1,0,0,0.222222222222222,0.482227372284169,0.303298681125715,5,"Tue","930~59","SUSPENSE_MYSTERY","ID",0,1
1,0,0,0.461538461538462,0.482227372284169,0.303298681125715,5,"Tue","930~59","SLICE_OF_LIFE","TLC",0,1
1,0,0,0.75,0.482227372284169,0.303298681125715,5,"Tue","1000~30","SLICE_OF_LIFE","TRU",0,1
1,0,0,0.272727272727273,0.482227372284169,0.303298681125715,6,"Sun","1000~30","SLICE_OF_LIFE","TLC",0,1
1,0,0,0.428571428571429,0.482227372284169,0.303298681125715,6,"Sun","930~59","SLICE_OF_LIFE","CNN",0,1
1,0,0,0.3,0.482227372284169,0.303298681125715,6,"Tue","1030~59","COMEDY","FX",1,0
1,0,0,0.222222222222222,0.482227372284169,0.303298681125715,15,"Thu","1000~30","DOCUMENTARY","ID",1,0
1,0,0,0.444444444444444,0.482227372284169,0.303298681125715,6,"Sat","830~59","SUSPENSE_MYSTERY","ID",0,1
1,0,0,0.5,0.482227372284169,0.303298681125715,5,"Wed","800~30","SLICE_OF_LIFE","TLC",0,1
1,0,0,0.666666666666667,0.482227372284169,0.303298681125715,5,"Thu","1000~30","DOCUMENTARY","HIST",0,1
1,0,0,0.777777777777778,0.482227372284169,0.303298681125715,6,"Tue","830~59","SLICE_OF_LIFE","LIFE",1,0
1,0,0,0.25,0.482227372284169,0.303298681125715,7,"Sun","830~59","SLICE_OF_LIFE","TLC",1,0
1,0,0,0.5,0.482227372284169,0.303298681125715,5,"Tue","1000~30","SLICE_OF_LIFE","HIST",0,1
1,0,0,0.333333333333333,0.482227372284169,0.303298681125715,5,"Wed","800~30","NEWS_POLITICAL","MSNB",0,1
1,0,0,0.5,0.482227372284169,0.303298681125715,5,"Wed","1030~59","COMEDY","TVL",0,1
1,0,0,0.583333333333333,0.482227372284169,0.303298681125715,6,"Wed","830~59","SLICE_OF_LIFE","LIFE",1,0
1,0,0,0.571428571428571,0.482227372284169,0.303298681125715,5,"Thu","800~30","SLICE_OF_LIFE","A&E",0,1
1,0,0,0.444444444444444,0.482227372284169,0.303298681125715,7,"Sun","1000~30","NEWS_POLITICAL","ID",1,0
1,1,0,0.7,0.557018668313718,0.382201736154142,7,"Fri","900~30","SPORTS","SPK",1,0
1,1,0,0.375,0.557018668313718,0.382201736154142,7,"Sun","730~59","NEWS_POLITICAL","CNN",1,0
1,1,0,0.428571428571429,0.557018668313718,0.382201736154142,6,"Mon","800~30","NEWS_POLITICAL","MSNB",1,0
1,1,0,0.9,0.557018668313718,0.382201736154142,6,"Tue","800~30","SLICE_OF_LIFE","LIFE",1,0
1,1,0,0.25,0.557018668313718,0.382201736154142,6,"Tue","830~59","NEWS_POLITICAL","MSNB",1,0
1,1,0,0.4,0.557018668313718,0.382201736154142,6,"Tue","1030~59","SLICE_OF_LIFE","A&E",1,0
1,1,0,0.285714285714286,0.557018668313718,0.382201736154142,6,"Fri","830~59","NEWS_POLITICAL","CNN",1,0
1,1,0,0.416666666666667,0.557018668313718,0.382201736154142,7,"Sun","800~30","SLICE_OF_LIFE","TLC",1,0
1,1,0,0.2,0.557018668313718,0.382201736154142,6,"Wed","800~30","NEWS_POLITICAL","MSNB",1,0
1,1,0,0.416666666666667,0.557018668313718,0.382201736154142,6,"Wed","930~59","SLICE_OF_LIFE","LIFE",1,0
1,1,0,0.384615384615385,0.557018668313718,0.382201736154142,6,"Thu","830~59","SLICE_OF_LIFE","A&E",1,0
1,1,0,0.833333333333333,0.557018668313718,0.382201736154142,6,"Thu","930~59","NEWS_POLITICAL","MSNB",1,0
1,1,0,0.666666666666667,0.557018668313718,0.382201736154142,6,"Thu","1030~59","SLICE_OF_LIFE","A&E",1,0
1,1,0,0.3,0.557018668313718,0.382201736154142,6,"Fri","1000~30","DOCUMENTARY","HIST",1,0
1,1,0,0.571428571428571,0.557018668313718,0.382201736154142,6,"Sun","1030~59","DOCUMENTARY","A&E",0,1
1,1,0,0.333333333333333,0.557018668313718,0.382201736154142,5,"Mon","800~30","NEWS_POLITICAL","MSNB",0,1
1,1,0,0.666666666666667,0.557018668313718,0.382201736154142,5,"Mon","900~30","SLICE_OF_LIFE","HIST",0,1
1,1,0,0.7,0.557018668313718,0.382201736154142,5,"Wed","830~59","SLICE_OF_LIFE","LIFE",0,1
1,1,0,0.8,0.557018668313718,0.382201736154142,7,"Sun","730~59","SPORTS","ESP2",1,0
1,1,0,0.5,0.557018668313718,0.382201736154142,7,"Sun","900~30","SLICE_OF_LIFE","TLC",1,0
1,1,0,0.357142857142857,0.557018668313718,0.382201736154142,7,"Sun","1000~30","NEWS_POLITICAL","ID",1,0
1,1,0,0.5,0.557018668313718,0.382201736154142,6,"Tue","900~30","SLICE_OF_LIFE","TLC",1,0
1,1,0,0.25,0.557018668313718,0.382201736154142,6,"Fri","900~30","SPORTS","ESP2",1,0
1,1,0,0.230769230769231,0.557018668313718,0.382201736154142,6,"Fri","1030~59","DOCUMENTARY","ID",1,0
1,1,0,0.555555555555556,0.557018668313718,0.382201736154142,6,"Sun","700~30","SPORTS","ESP2",0,1
1,1,0,0.235294117647059,0.557018668313718,0.382201736154142,5,"Tue","1030~59","SLICE_OF_LIFE","DISC",0,1
1,1,0,0.8,0.557018668313718,0.382201736154142,5,"Mon","1000~30","SLICE_OF_LIFE","TRU",0,1
1,1,0,0.777777777777778,0.557018668313718,0.382201736154142,5,"Tue","1030~59","SLICE_OF_LIFE","HIST",0,1
1,1,0,0.222222222222222,0.557018668313718,0.382201736154142,5,"Wed","830~59","NEWS_POLITICAL","CNN",0,1
1,1,0,0.125,0.557018668313718,0.382201736154142,6,"Mon","1000~30","DOCUMENTARY","ID",1,0
1,1,0,0.545454545454545,0.557018668313718,0.382201736154142,6,"Sun","900~30","SLICE_OF_LIFE","TLC",0,1
1,1,0,0.25,0.557018668313718,0.382201736154142,6,"Sun","1030~59","NEWS_POLITICAL","ID",0,1
1,1,0,0.285714285714286,0.557018668313718,0.382201736154142,5,"Tue","1030~59","DOCUMENTARY","ID",0,1
1,1,0,0.4,0.557018668313718,0.382201736154142,5,"Wed","830~59","SLICE_OF_LIFE","TLC",0,1
1,1,0,0.125,0.557018668313718,0.382201736154142,1,"Sun","1000~30","NEWS_POLITICAL","ID",0,1
0,1,0,0.25,-0.0751053091875906,0.358629366032614,7,"Fri","800~30","NEWS_POLITICAL","FNEW",1,0
0,1,0,0.333333333333333,-0.0751053091875906,0.358629366032614,7,"Fri","930~59","NEWS_POLITICAL","FNEW",1,0
0,1,0,0.5,-0.0751053091875906,0.358629366032614,6,"Mon","800~30","NEWS_POLITICAL","FNEW",1,0
0,1,0,0.454545454545455,-0.0751053091875906,0.358629366032614,6,"Thu","930~59","SLICE_OF_LIFE","TLC",1,0
0,1,0,0.5,-0.0751053091875906,0.358629366032614,5,"Wed","930~59","DOCUMENTARY","TLC",0,1
0,1,0,0.823529411764706,-0.0751053091875906,0.358629366032614,5,"Thu","930~59","SLICE_OF_LIFE","DISC",0,1
0,1,0,0.75,0.315444220037578,0.436910084061494,6,"Mon","830~59","NEWS_POLITICAL","MSNB",1,0
0,1,0,0.375,0.315444220037578,0.436910084061494,5,"Mon","830~59","NEWS_POLITICAL","FNEW",0,1
0,1,0,0.428571428571429,0.315444220037578,0.436910084061494,5,"Wed","930~59","NEWS_POLITICAL","FNEW",0,1
1,0,0,0.333333333333333,0.261695096869096,0.313507958755372,6,"Sun","700~30","AWARDS","TV1",0,1
1,0,0,0.25,0.261695096869096,0.313507958755372,6,"Sun","730~59","AWARDS","TV1",0,1
1,0,0,0.222222222222222,0.261695096869096,0.313507958755372,6,"Sat","1030~59","NEWS_POLITICAL","OWN",0,1
1,0,0,0.583333333333333,0.261695096869096,0.313507958755372,4,"Mon","1030~59","SUSPENSE_MYSTERY","TV1",0,1
1,0,0,0.571428571428571,0.261695096869096,0.313507958755372,4,"Mon","930~59","DRAMA_ADVENTURE","TV1",0,1
1,0,0,0.142857142857143,0.261695096869096,0.313507958755372,5,"Mon","900~30","DRAMA_ADVENTURE","TV1",0,1
1,0,0,0.2,0.261695096869096,0.313507958755372,6,"Fri","930~59","COMEDY","OWN",1,0
1,0,0,0.5,0.261695096869096,0.313507958755372,6,"Wed","1030~59","DRAMA_ADVENTURE","OWN",1,0
1,0,0,0.714285714285714,0.261695096869096,0.313507958755372,2,"Mon","830~59","SLICE_OF_LIFE","VH-1",0,1
1,0,0,0.333333333333333,0.261695096869096,0.313507958755372,4,"Mon","900~30","DRAMA_ADVENTURE","TV1",0,1
1,0,0,0.285714285714286,0.261695096869096,0.313507958755372,5,"Tue","930~59","DRAMA_ADVENTURE","OWN",0,1
1,0,0,0.428571428571429,0.261695096869096,0.313507958755372,6,"Fri","900~30","COMEDY","OWN",1,0
1,0,0,0.1,0.261695096869096,0.313507958755372,5,"Mon","1000~30","SUSPENSE_MYSTERY","TV1",0,1
1,0,0,0.333333333333333,0.261695096869096,0.313507958755372,6,"Sun","800~30","AWARDS","TV1",0,1
1,0,0,0.4,0.261695096869096,0.313507958755372,5,"Fri","900~30","COMEDY","OWN",0,1
1,0,0,0.454545454545455,0.261695096869096,0.313507958755372,6,"Wed","1000~30","DRAMA_ADVENTURE","OWN",1,0
1,0,0,0.375,0.261695096869096,0.313507958755372,5,"Tue","900~30","DRAMA_ADVENTURE","OWN",0,1
1,0,0,0.25,0.261695096869096,0.313507958755372,5,"Sat","1000~30","NEWS_POLITICAL","OWN",0,1
0,0,0,0.5,-0.0283392158765886,0.350910220838841,6,"Thu","830~59","NEWS_POLITICAL","CNN",1,0
0,0,0,0.454545454545455,-0.349584237728565,0.307901124483977,5,"Sat","930~59","SLICE_OF_LIFE","TLC",0,1
0,0,0,0.636363636363636,-0.349584237728565,0.307901124483977,3,"Tue","830~59","SLICE_OF_LIFE","LIFE",0,1
0,0,0,0.75,-0.349584237728565,0.307901124483977,4,"Thu","1030~59","SLICE_OF_LIFE","BRAV",0,1
0,0,0,0.5,-0.349584237728565,0.307901124483977,1,"Tue","930~59","SLICE_OF_LIFE","TLC",0,1
0,0,0,0.666666666666667,-0.349584237728565,0.307901124483977,2,"Sun","830~59","MOVIE","LMN",0,1
0,0,0,0.7,-0.349584237728565,0.307901124483977,1,"Tue","800~30","SLICE_OF_LIFE","LIFE",0,1
0,0,0,0.636363636363636,-0.349584237728565,0.307901124483977,3,"Sat","900~30","SLICE_OF_LIFE","TLC",0,1
0,1,0,0.75,0.211124250874788,0.436226179068896,6,"Sun","1030~59","SPORTS","NBC",0,1
0,1,0,0.4,0.211124250874788,0.436226179068896,4,"Mon","1000~30","NEWS_POLITICAL","CNN",0,1
0,1,0,0.25,0.211124250874788,0.436226179068896,5,"Wed","830~59","NEWS_POLITICAL","FNEW",0,1
0,1,0,0.428571428571429,0.211124250874788,0.436226179068896,5,"Tue","930~59","SPORTS","Other",0,1
0,1,0,0.666666666666667,0.211124250874788,0.436226179068896,5,"Wed","900~30","NEWS_POLITICAL","CNN",0,1
0,1,0,0.5,-0.155987493124735,0.38876014520083,5,"Wed","930~59","NEWS_POLITICAL","FNEW",0,1
0,1,0,0.75,-0.155987493124735,0.38876014520083,5,"Thu","800~30","SLICE_OF_LIFE","A&E",0,1
0,0,0,0.625,0.293415994960333,0.216552856052065,1,"Mon","900~30","SLICE_OF_LIFE","BRAV",0,1
0,0,0,0.416666666666667,0.293415994960333,0.216552856052065,2,"Tue","1000~30","SLICE_OF_LIFE","TLC",0,1
0,0,0,0.615384615384615,0.293415994960333,0.216552856052065,3,"Wed","800~30","SLICE_OF_LIFE","LIFE",0,1
0,0,0,0.538461538461538,0.293415994960333,0.216552856052065,2,"Sat","930~59","MOVIE","LIFE",0,1
0,0,0,0.444444444444444,0.293415994960333,0.216552856052065,5,"Wed","830~59","SLICE_OF_LIFE","TLC",0,1
0,0,0,0.9,0.293415994960333,0.216552856052065,4,"Sun","930~59","MOVIE","LMN",0,1
0,0,0,0.5625,0.293415994960333,0.216552856052065,4,"Wed","830~59","SLICE_OF_LIFE","TLC",0,1
0,0,0,0.333333333333333,0.293415994960333,0.216552856052065,4,"Sat","1030~59","SLICE_OF_LIFE","TLC",0,1
0,0,0,0.357142857142857,0.293415994960333,0.216552856052065,4,"Sun","900~30","SLICE_OF_LIFE","TLC",0,1
0,0,0,0.777777777777778,0.293415994960333,0.216552856052065,5,"Sun","800~30","SLICE_OF_LIFE","BRAV",0,1
0,0,0,0.2,0.293415994960333,0.216552856052065,3,"Sat","1000~30","SLICE_OF_LIFE","TLC",0,1
0,0,0,0.230769230769231,0.293415994960333,0.216552856052065,2,"Sun","1000~30","SLICE_OF_LIFE","TLC",0,1
0,0,0,0.571428571428571,0.293415994960333,0.216552856052065,3,"Thu","1000~30","SLICE_OF_LIFE","TLC",0,1
0,0,0,0.375,-0.160482782332614,0.39839722048163,5,"Fri","800~30","NEWS_POLITICAL","CNN",0,1
0,0,0,0.222222222222222,-0.160482782332614,0.39839722048163,5,"Sun","800~30","NEWS_POLITICAL","CBS",0,1
0,0,0,0.6,-0.160482782332614,0.39839722048163,4,"Mon","830~59","NEWS_POLITICAL","CNN",0,1
0,0,0,0.375,-0.160482782332614,0.39839722048163,4,"Mon","900~30","NEWS_POLITICAL","FNEW",0,1
0,1,0,0.333333333333333,0.12125459298665,0.444411363977214,4,"Mon","800~30","NEWS_POLITICAL","FNEW",0,1
1,1,0,0.6,-0.571747976855589,0.433669722699611,3,"Tue","1000~30","SLICE_OF_LIFE","HIST",0,1
1,1,0,0.272727272727273,-0.571747976855589,0.433669722699611,5,"Sun","730~59","NEWS_POLITICAL","CNN",0,1
1,1,0,0.428571428571429,-0.571747976855589,0.433669722699611,5,"Sun","800~30","NEWS_POLITICAL","MSNB",0,1
1,1,0,0.5,-0.571747976855589,0.433669722699611,5,"Thu","830~59","SLICE_OF_LIFE","LIFE",0,1
1,1,0,0.666666666666667,-0.571747976855589,0.433669722699611,5,"Thu","900~30","SLICE_OF_LIFE","LIFE",0,1
1,1,0,0.8,-0.571747976855589,0.433669722699611,5,"Thu","1030~59","SLICE_OF_LIFE","LIFE",0,1
1,1,0,0.705882352941177,-0.571747976855589,0.433669722699611,5,"Sat","800~30","SUSPENSE_MYSTERY","SPK",0,1
1,1,0,0.555555555555556,-0.571747976855589,0.433669722699611,5,"Sat","900~30","SLICE_OF_LIFE","A&E",0,1
1,1,0,0.416666666666667,-0.571747976855589,0.433669722699611,5,"Sat","1030~59","SLICE_OF_LIFE","A&E",0,1
1,1,0,0.625,-0.571747976855589,0.433669722699611,4,"Mon","900~30","SLICE_OF_LIFE","HIST",0,1
1,1,0,0.583333333333333,-0.571747976855589,0.433669722699611,4,"Tue","830~59","SLICE_OF_LIFE","LIFE",0,1
1,1,0,0.6,-0.571747976855589,0.433669722699611,3,"Tue","1000~30","SLICE_OF_LIFE","SPK",0,1
1,1,0,0.625,-0.571747976855589,0.433669722699611,2,"Mon","900~30","SLICE_OF_LIFE","HIST",0,1
1,1,0,0.461538461538462,-0.571747976855589,0.433669722699611,2,"Tue","830~59","SLICE_OF_LIFE","LIFE",0,1
1,1,0,0.666666666666667,-0.571747976855589,0.433669722699611,2,"Tue","1030~59","SLICE_OF_LIFE","HIST",0,1
1,1,0,0.533333333333333,-0.571747976855589,0.433669722699611,1,"Mon","1030~59","SLICE_OF_LIFE","A&E",0,1
1,1,0,0.230769230769231,-0.571747976855589,0.433669722699611,5,"Fri","930~59","NEWS_POLITICAL","MSNB",0,1
1,1,0,0.375,-0.571747976855589,0.433669722699611,5,"Fri","1000~30","NEWS_POLITICAL","MSNB",0,1
1,1,0,0.111111111111111,-0.571747976855589,0.433669722699611,5,"Fri","1030~59","SLICE_OF_LIFE","DISC",0,1
1,1,0,0.25,-0.571747976855589,0.433669722699611,5,"Fri","1030~59","NEWS_POLITICAL","CNN",0,1
1,1,0,0.4,-0.571747976855589,0.433669722699611,5,"Sun","830~59","NEWS_POLITICAL","FNEW",0,1
1,1,0,0.266666666666667,-0.571747976855589,0.433669722699611,5,"Sun","1030~59","SLICE_OF_LIFE","TLC",0,1
1,1,0,0.818181818181818,-0.571747976855589,0.433669722699611,4,"Tue","930~59","SLICE_OF_LIFE","BRAV",0,1
1,1,0,0.0588235294117647,-0.571747976855589,0.433669722699611,4,"Tue","1030~59","SLICE_OF_LIFE","DISC",0,1
1,1,0,0.444444444444444,-0.571747976855589,0.433669722699611,4,"Wed","800~30","SLICE_OF_LIFE","TLC",0,1
1,1,0,0.181818181818182,-0.571747976855589,0.433669722699611,4,"Thu","900~30","DOCUMENTARY","ID",0,1
1,1,0,0.454545454545455,-0.571747976855589,0.433669722699611,3,"Tue","900~30","SLICE_OF_LIFE","TLC",0,1
1,1,0,0.4,-0.571747976855589,0.433669722699611,2,"Tue","800~30","NEWS_POLITICAL","CNN",0,1
1,1,0,0.7,-0.571747976855589,0.433669722699611,3,"Wed","1030~59","DRAMA_ADVENTURE","FX",0,1
1,1,0,0.428571428571429,-0.571747976855589,0.433669722699611,1,"Sun","730~59","SPORTS","NBC",0,1
1,1,0,0.2,-0.571747976855589,0.433669722699611,5,"Thu","930~59","NEWS_POLITICAL","MSNB",0,1
1,1,0,0.352941176470588,-0.571747976855589,0.433669722699611,5,"Thu","930~59","SLICE_OF_LIFE","DISC",0,1
1,1,0,0.823529411764706,-0.571747976855589,0.433669722699611,5,"Fri","930~59","SLICE_OF_LIFE","DISC",0,1
1,1,0,0.333333333333333,-0.571747976855589,0.433669722699611,5,"Fri","1000~30","DOCUMENTARY","ID",0,1
1,1,0,0.666666666666667,-0.571747976855589,0.433669722699611,4,"Thu","1000~30","SLICE_OF_LIFE","TRU",0,1
1,1,0,0.4,-0.571747976855589,0.433669722699611,4,"Fri","830~59","NEWS_POLITICAL","MSNB",0,1
1,1,0,0.375,-0.571747976855589,0.433669722699611,4,"Sat","930~59","SLICE_OF_LIFE","TLC",0,1
1,1,0,0.333333333333333,-0.571747976855589,0.433669722699611,3,"Tue","830~59","NEWS_POLITICAL","MSNB",0,1
1,1,0,0.75,-0.571747976855589,0.433669722699611,3,"Tue","900~30","SLICE_OF_LIFE","BRAV",0,1
1,1,0,0.285714285714286,-0.571747976855589,0.433669722699611,3,"Tue","930~59","NEWS_POLITICAL","MSNB",0,1
1,1,0,0.181818181818182,-0.571747976855589,0.433669722699611,3,"Thu","1000~30","SLICE_OF_LIFE","DISC",0,1
1,1,0,0.8,-0.571747976855589,0.433669722699611,3,"Thu","1000~30","SLICE_OF_LIFE","TRU",0,1
1,1,0,0.0769230769230769,-0.571747976855589,0.433669722699611,3,"Sun","900~30","SLICE_OF_LIFE","TLC",0,1
1,1,0,0.333333333333333,-0.571747976855589,0.433669722699611,3,"Sun","900~30","SLICE_OF_LIFE","CNN",0,1
1,1,0,0.555555555555556,-0.571747976855589,0.433669722699611,2,"Tue","900~30","DRAMA_ADVENTURE","OWN",0,1
1,1,0,0.111111111111111,-0.571747976855589,0.433669722699611,2,"Thu","900~30","SLICE_OF_LIFE","DISC",0,1
1,1,0,0.7,-0.571747976855589,0.433669722699611,4,"Sun","800~30","MOVIE","LMN",0,1
1,1,0,0.714285714285714,-0.571747976855589,0.433669722699611,3,"Fri","930~59","NEWS_POLITICAL","CNN",0,1
1,1,0,0.571428571428571,-0.571747976855589,0.433669722699611,3,"Fri","930~59","NEWS_POLITICAL","MSNB",0,1
1,1,0,0.2,-0.571747976855589,0.433669722699611,3,"Sat","1000~30","SLICE_OF_LIFE","TLC",0,1
1,1,0,0.2,0.519376335032275,0.295462567386783,3,"Fri","1030~59","SLICE_OF_LIFE","DISC",0,1
1,1,0,0.428571428571429,0.519376335032275,0.295462567386783,3,"Sun","930~59","SLICE_OF_LIFE","TLC",0,1
1,1,0,0.642857142857143,0.519376335032275,0.295462567386783,2,"Mon","900~30","DOCUMENTARY","ID",0,1
1,1,0,0.125,0.519376335032275,0.295462567386783,2,"Tue","900~30","DOCUMENTARY","ID",0,1
1,1,0,0.25,0.519376335032275,0.295462567386783,2,"Tue","930~59","SLICE_OF_LIFE","TLC",0,1
1,1,0,0.666666666666667,0.519376335032275,0.295462567386783,3,"Tue","1030~59","SLICE_OF_LIFE","HIST",0,1
1,1,0,0.555555555555556,0.519376335032275,0.295462567386783,4,"Wed","800~30","SLICE_OF_LIFE","LIFE",0,1
1,1,0,0.428571428571429,0.519376335032275,0.295462567386783,4,"Wed","1030~59","COMEDY","TVL",0,1
1,1,0,0.818181818181818,0.519376335032275,0.295462567386783,4,"Fri","1030~59","DOCUMENTARY","HIST",0,1
1,1,0,0.6,0.519376335032275,0.295462567386783,3,"Wed","800~30","SLICE_OF_LIFE","LIFE",0,1
1,1,0,0.25,0.519376335032275,0.295462567386783,3,"Tue","830~59","NEWS_POLITICAL","CNN",0,1
1,1,0,0.285714285714286,0.519376335032275,0.295462567386783,2,"Mon","1030~59","NEWS_POLITICAL","Other",0,1
1,1,0,0.142857142857143,0.519376335032275,0.295462567386783,4,"Tue","900~30","SLICE_OF_LIFE","TLC",0,1
1,1,0,0.272727272727273,0.519376335032275,0.295462567386783,4,"Sun","800~30","SLICE_OF_LIFE","TLC",0,1
1,1,0,0.857142857142857,0.519376335032275,0.295462567386783,3,"Fri","830~59","NEWS_POLITICAL","MSNB",0,1
1,1,0,0.461538461538462,0.519376335032275,0.295462567386783,5,"Sun","900~30","SLICE_OF_LIFE","TLC",0,1
1,1,0,0.8,0.519376335032275,0.295462567386783,3,"Thu","1030~59","COMEDY","TRU",0,1
1,1,0,0.875,0.519376335032275,0.295462567386783,2,"Tue","930~59","SLICE_OF_LIFE","HIST",0,1
1,1,0,0.75,0.519376335032275,0.295462567386783,2,"Tue","930~59","SLICE_OF_LIFE","BRAV",0,1
1,1,0,0.444444444444444,0.519376335032275,0.295462567386783,5,"Sat","900~30","SLICE_OF_LIFE","TLC",0,1
1,1,0,0.571428571428571,0.519376335032275,0.295462567386783,4,"Mon","930~59","NEWS_POLITICAL","MSNB",0,1
1,1,0,0.5,0.519376335032275,0.295462567386783,3,"Thu","900~30","DOCUMENTARY","ID",0,1
1,1,0,0.333333333333333,0.519376335032275,0.295462567386783,4,"Tue","1030~59","NEWS_POLITICAL","MSNB",0,1
1,0,0,0.5,0.513968993942717,0.428110564906084,4,"Wed","800~30","NEWS_POLITICAL","MSNB",0,1
1,0,0,0.4,0.513968993942717,0.428110564906084,4,"Fri","1030~59","DOCUMENTARY","ID",0,1
1,0,0,0.3,0.513968993942717,0.428110564906084,4,"Sun","930~59","SLICE_OF_LIFE","CNN",0,1
1,0,0,0.375,0.513968993942717,0.428110564906084,4,"Wed","830~59","SLICE_OF_LIFE","Other",0,1
1,0,0,0.166666666666667,0.513968993942717,0.428110564906084,4,"Mon","1000~30","DOCUMENTARY","ID",0,1
1,0,0,0.5,0.513968993942717,0.428110564906084,5,"Sun","1000~30","SLICE_OF_LIFE","TLC",0,1
1,0,0,0.5,0.513968993942717,0.428110564906084,2,"Mon","1000~30","SLICE_OF_LIFE","HIST",0,1
1,0,0,0.833333333333333,0.513968993942717,0.428110564906084,4,"Wed","830~59","SLICE_OF_LIFE","LIFE",0,1
1,0,0,0.117647058823529,0.513968993942717,0.428110564906084,3,"Sun","1030~59","SLICE_OF_LIFE","TLC",0,1
1,0,0,0.6,0.513968993942717,0.428110564906084,4,"Thu","930~59","SLICE_OF_LIFE","LIFE",0,1
1,0,0,0.545454545454545,0.513968993942717,0.428110564906084,3,"Sun","830~59","MOVIE","LMN",0,1
1,0,0,0.4,0.513968993942717,0.428110564906084,3,"Sun","830~59","NEWS_POLITICAL","CBS",0,1
1,0,0,0.5,0.513968993942717,0.428110564906084,3,"Wed","830~59","SLICE_OF_LIFE","LIFE",0,1
1,0,0,0.636363636363636,0.513968993942717,0.428110564906084,4,"Sat","830~59","MOVIE","LIFE",0,1
1,0,0,0.727272727272727,0.513968993942717,0.428110564906084,4,"Mon","930~59","SLICE_OF_LIFE","HIST",0,1
1,0,0,0.545454545454545,0.513968993942717,0.428110564906084,3,"Tue","1000~30","SLICE_OF_LIFE","A&E",0,1
1,0,0,0.1,0.513968993942717,0.428110564906084,3,"Tue","930~59","DOCUMENTARY","ID",0,1
1,0,0,0.333333333333333,0.513968993942717,0.428110564906084,3,"Thu","1030~59","NEWS_POLITICAL","CNN",0,1
1,0,0,0.125,0.513968993942717,0.428110564906084,3,"Fri","1000~30","DOCUMENTARY","ID",0,1
1,0,0,0.5,0.513968993942717,0.428110564906084,3,"Wed","1030~59","COMEDY","TVL",0,1
1,0,0,0.428571428571429,0.513968993942717,0.428110564906084,3,"Tue","1030~59","NEWS_POLITICAL","MSNB",0,1
1,0,0,0.571428571428571,0.513968993942717,0.428110564906084,4,"Thu","930~59","NEWS_POLITICAL","MSNB",0,1
1,0,0,0.636363636363636,0.513968993942717,0.428110564906084,3,"Tue","800~30","SLICE_OF_LIFE","LIFE",0,1
1,0,0,0.7,0.513968993942717,0.428110564906084,3,"Tue","900~30","SLICE_OF_LIFE","HIST",0,1
0,1,1,0.5,0.130487389872053,0.331778865053155,4,"Mon","830~59","NEWS_POLITICAL","CNN",0,1
0,1,0,0.7,0.539419706425285,0.430572912651655,4,"Wed","1030~59","SLICE_OF_LIFE","TLC",0,1
0,1,0,0.222222222222222,0.539419706425285,0.430572912651655,4,"Thu","930~59","NEWS_POLITICAL","CNN",0,1
0,1,0,0.285714285714286,0.253102768633419,0.395559895252306,4,"Sat","930~59","SLICE_OF_LIFE","TLC",0,1
0,1,0,0.5,0.253102768633419,0.395559895252306,4,"Sun","930~59","DRAMA_ADVENTURE","CBS",0,1
0,1,0,0.428571428571429,0.253102768633419,0.395559895252306,3,"Mon","900~30","SLICE_OF_LIFE","Other",0,1
0,1,0,0.25,0.253102768633419,0.395559895252306,3,"Sun","830~59","SLICE_OF_LIFE","TLC",0,1
0,1,0,0.75,0.253102768633419,0.395559895252306,3,"Sun","900~30","MOVIE","LMN",0,1
0,1,0,0.222222222222222,0.253102768633419,0.395559895252306,3,"Tue","930~59","SLICE_OF_LIFE","TLC",0,1
0,1,0,0.6,0.253102768633419,0.395559895252306,3,"Sat","930~59","SLICE_OF_LIFE","TLC",0,1
0,1,0,0.555555555555556,0.253102768633419,0.395559895252306,2,"Wed","930~59","SLICE_OF_LIFE","LIFE",0,1
0,1,0,0.555555555555556,0.253102768633419,0.395559895252306,2,"Wed","1030~59","SLICE_OF_LIFE","TLC",0,1
0,1,0,0.666666666666667,0.253102768633419,0.395559895252306,2,"Sat","1000~30","DOCUMENTARY","LIFE",0,1
0,1,0,0.25,0.253102768633419,0.395559895252306,1,"Tue","1030~59","SLICE_OF_LIFE","TLC",0,1
0,1,0,0.545454545454545,0.253102768633419,0.395559895252306,2,"Fri","1030~59","MOVIE","LMN",0,1
0,1,0,0.272727272727273,0.253102768633419,0.395559895252306,2,"Sun","930~59","SLICE_OF_LIFE","TLC",0,1
0,1,0,0.375,-0.337046380723979,0.444305792474953,4,"Fri","830~59","NEWS_POLITICAL","CNN",0,1
0,1,0,0.25,-0.337046380723979,0.444305792474953,1,"Mon","900~30","SPORTS","ESPN",0,1
0,1,0,0.571428571428571,-0.337046380723979,0.444305792474953,1,"Sun","1030~59","SPORTS","Other",0,1
0,1,0,0.222222222222222,-0.337046380723979,0.444305792474953,1,"Mon","1030~59","NEWS_POLITICAL","CNN",0,1
0,1,0,0.7,-0.337046380723979,0.444305792474953,3,"Mon","930~59","SLICE_OF_LIFE","NBC",0,1
1,1,0,0.333333333333333,0.565638594540993,0.300485946265274,1,"Sun","900~30","SPORTS","NBC",0,1
1,1,0,0.583333333333333,0.565638594540993,0.300485946265274,2,"Thu","930~59","SLICE_OF_LIFE","LIFE",0,1
1,1,0,0.285714285714286,0.565638594540993,0.300485946265274,2,"Fri","930~59","NEWS_POLITICAL","MSNB",0,1
1,1,0,0.777777777777778,0.565638594540993,0.300485946265274,2,"Thu","930~59","SLICE_OF_LIFE","HIST",0,1
1,1,0,0.75,0.565638594540993,0.300485946265274,2,"Thu","1030~59","COMEDY","TRU",0,1
1,1,0,0.0909090909090909,0.565638594540993,0.300485946265274,2,"Thu","1030~59","SLICE_OF_LIFE","DISC",0,1
1,1,0,0.5,0.565638594540993,0.300485946265274,2,"Wed","930~59","SPORTS","ESPN",0,1
1,1,0,0.5,0.565638594540993,0.300485946265274,2,"Wed","800~30","NEWS_POLITICAL","MSNB",0,1
0,1,0,0.714285714285714,-0.794929081186365,0.406864248900436,2,"Tue","830~59","SLICE_OF_LIFE","NBC",0,1
0,1,0,0.5,-0.794929081186365,0.406864248900436,2,"Tue","830~59","NEWS_POLITICAL","CNN",0,1
0,1,0,0.25,-0.794929081186365,0.406864248900436,2,"Sat","930~59","DOCUMENTARY","Other",0,1
0,1,0,0.4,-0.794929081186365,0.406864248900436,3,"Sun","1000~30","DRAMA_ADVENTURE","CBS",0,1
0,1,0,0.272727272727273,-0.794929081186365,0.406864248900436,1,"Tue","1000~30","NEWS_POLITICAL","CNN",0,1
0,1,0,0.285714285714286,-0.794929081186365,0.406864248900436,1,"Mon","800~30","SPORTS","ESPN",0,1
0,1,0,0.285714285714286,-0.794929081186365,0.406864248900436,1,"Tue","930~59","NEWS_POLITICAL","FNEW",0,1
0,1,0,0.833333333333333,-0.794929081186365,0.406864248900436,1,"Wed","830~59","SPORTS","Other",0,1
0,1,0,0.666666666666667,-0.794929081186365,0.406864248900436,2,"Wed","930~59","SPORTS","Other",0,1
0,1,0,0.2,-0.794929081186365,0.406864248900436,2,"Sun","830~59","SPORTS","NBC",0,1
0,1,0,0.5,-0.794929081186365,0.406864248900436,2,"Sat","830~59","DOCUMENTARY","CNN",0,1
0,1,0,0.5,-0.794929081186365,0.406864248900436,3,"Fri","830~59","NEWS_POLITICAL","CNN",0,1
0,1,0,0.333333333333333,-0.794929081186365,0.406864248900436,2,"Wed","930~59","NEWS_POLITICAL","CNN",0,1
0,1,0,0.333333333333333,-0.794929081186365,0.406864248900436,2,"Sun","700~30","NEWS_POLITICAL","CBS",0,1
0,1,0,0.571428571428571,-0.794929081186365,0.406864248900436,2,"Fri","900~30","NEWS_POLITICAL","FNEW",0,1
0,1,0,0.8,-0.794929081186365,0.406864248900436,2,"Fri","930~59","SPORTS","Other",0,1
0,1,1,0.333333333333333,-0.155379323428784,0.348865986272527,2,"Tue","830~59","NEWS_POLITICAL","CNN",0,1
0,1,1,0.571428571428571,-0.155379323428784,0.348865986272527,2,"Fri","1000~30","SUSPENSE_MYSTERY","CBS",0,1
0,1,1,0.5,-0.155379323428784,0.348865986272527,3,"Sun","730~59","SPORTS","NBC",0,1
0,1,1,0.2,-0.155379323428784,0.348865986272527,3,"Sat","900~30","SPORTS","Other",0,1
0,1,0,0.5,-0.525248947200406,0.324656884939182,2,"Tue","800~30","SUSPENSE_MYSTERY","CBS",0,1
0,1,0,0.4,-0.525248947200406,0.324656884939182,3,"Sat","830~59","SPORTS","Other",0,1
0,1,0,0.857142857142857,-0.525248947200406,0.324656884939182,1,"Sun","830~59","SLICE_OF_LIFE","BRAV",0,1
0,1,0,0.666666666666667,-0.525248947200406,0.324656884939182,2,"Wed","930~59","SPORTS","ESP2",0,1
0,1,0,0.375,-0.525248947200406,0.324656884939182,3,"Sun","800~30","NEWS_POLITICAL","CBS",0,1
0,1,0,0.5,-0.525248947200406,0.324656884939182,3,"Sat","1000~30","SPORTS","Other",0,1
0,1,0,0.25,-0.525248947200406,0.324656884939182,1,"Sun","930~59","DOCUMENTARY","BRAV",0,1
0,1,0,0.571428571428571,-0.525248947200406,0.324656884939182,2,"Tue","800~30","SLICE_OF_LIFE","HIST",0,1
0,1,0,0.75,-0.525248947200406,0.324656884939182,2,"Fri","930~59","NEWS_POLITICAL","FNEW",0,1
0,1,0,0.428571428571429,-0.525248947200406,0.324656884939182,2,"Mon","830~59","SLICE_OF_LIFE","NBC",0,1
1,1,0,0.5,-0.245402627477544,0.34081805957719,2,"Wed","800~30","SPORTS","ESPN",0,1
1,1,0,0.25,-0.245402627477544,0.34081805957719,2,"Sun","830~59","SLICE_OF_LIFE","TLC",0,1
1,1,0,0.375,-0.245402627477544,0.34081805957719,1,"Tue","900~30","DOCUMENTARY","ID",0,1
1,1,0,0.7,-0.245402627477544,0.34081805957719,2,"Wed","830~59","SLICE_OF_LIFE","LIFE",0,1
1,1,0,0.625,-0.245402627477544,0.34081805957719,2,"Wed","830~59","SLICE_OF_LIFE","Other",0,1
1,1,0,0.444444444444444,-0.245402627477544,0.34081805957719,2,"Wed","1000~30","DRAMA_ADVENTURE","FX",0,1
1,1,0,0.8,-0.245402627477544,0.34081805957719,2,"Wed","1030~59","SLICE_OF_LIFE","TLC",0,1
1,1,0,0.285714285714286,-0.245402627477544,0.34081805957719,2,"Sun","730~59","NEWS_POLITICAL","CBS",0,1
1,1,0,0.428571428571429,-0.245402627477544,0.34081805957719,2,"Fri","900~30","NEWS_POLITICAL","CNN",0,1
1,1,0,0.454545454545455,-0.245402627477544,0.34081805957719,2,"Thu","930~59","DOCUMENTARY","ID",0,1
1,1,0,0.5,-0.245402627477544,0.34081805957719,2,"Thu","900~30","NEWS_POLITICAL","MSNB",0,1
1,0,0,0.833333333333333,0.823239602521267,0.334526449016471,2,"Thu","900~30","SLICE_OF_LIFE","HIST",0,1
1,0,0,0.6,0.823239602521267,0.334526449016471,2,"Fri","930~59","SLICE_OF_LIFE","A&E",0,1
1,0,0,0.777777777777778,0.823239602521267,0.334526449016471,2,"Wed","1030~59","COMEDY","TVL",0,1
1,0,0,0.5,0.823239602521267,0.334526449016471,2,"Fri","1030~59","MOVIE","LMN",0,1
1,0,0,0.571428571428571,0.823239602521267,0.334526449016471,2,"Fri","1000~30","NEWS_POLITICAL","MSNB",0,1
1,0,0,0.909090909090909,0.823239602521267,0.334526449016471,2,"Sun","930~59","MOVIE","LMN",0,1
1,0,0,0.363636363636364,0.823239602521267,0.334526449016471,1,"Tue","1030~59","NEWS_POLITICAL","CNN",0,1
1,0,0,0.222222222222222,0.823239602521267,0.334526449016471,2,"Fri","800~30","SLICE_OF_LIFE","DISC",0,1
1,0,0,0.8,0.823239602521267,0.334526449016471,2,"Sun","700~30","SPORTS","ESP2",0,1
1,0,0,0.6,0.823239602521267,0.334526449016471,1,"Tue","800~30","NEWS_POLITICAL","MSNB",0,1
1,0,0,0.538461538461538,0.823239602521267,0.334526449016471,2,"Wed","800~30","SLICE_OF_LIFE","TLC",0,1
1,0,0,0.666666666666667,0.823239602521267,0.334526449016471,2,"Wed","830~59","SPORTS","ESPN",0,1
1,0,0,0.625,0.823239602521267,0.334526449016471,1,"Tue","800~30","SLICE_OF_LIFE","LIFE",0,1
1,0,0,0.1,1.17629369094694,0.302076683671439,1,"Mon","1000~30","DOCUMENTARY","TV1",0,1
1,0,0,0.1,1.17629369094694,0.302076683671439,1,"Mon","900~30","DRAMA_ADVENTURE","TV1",0,1
1,0,0,0.333333333333333,1.02925974474039,0.307020798980549,1,"Wed","800~30","DOCUMENTARY","TV1",0,1
1,0,0,0.866666666666667,1.02925974474039,0.307020798980549,1,"Mon","900~30","DOCUMENTARY","Other",0,1
1,0,0,0.166666666666667,1.02925974474039,0.307020798980549,1,"Mon","930~59","DRAMA_ADVENTURE","TV1",0,1
1,0,0,0.666666666666667,1.02925974474039,0.307020798980549,1,"Mon","1000~30","SLICE_OF_LIFE","VH-1",0,1
1,0,0,0.2,1.02925974474039,0.307020798980549,1,"Tue","830~59","NEWS_POLITICAL","TV1",0,1
1,0,0,0.111111111111111,1.02925974474039,0.307020798980549,1,"Mon","1000~30","DOCUMENTARY","TV1",0,1
1,0,0,0.0625,1.02925974474039,0.307020798980549,1,"Mon","1030~59","DOCUMENTARY","TV1",0,1
1,0,0,0.214285714285714,1.02925974474039,0.307020798980549,1,"Mon","930~59","DOCUMENTARY","Other",0,1
0,1,0,0.125,0.304176054840454,0.261555734852433,2,"Tue","830~59","NEWS_POLITICAL","FNEW",0,1
0,1,0,0.5,0.304176054840454,0.261555734852433,2,"Tue","900~30","SLICE_OF_LIFE","DISC",0,1
1,1,0,0.4,0.461322249172366,0.331433698423374,16,"Tue","1000~30","DOCUMENTARY","ID",1,0
1,1,0,0.222222222222222,0.461322249172366,0.331433698423374,2,"Sun","900~30","SLICE_OF_LIFE","TLC",0,1
1,1,0,0.636363636363636,0.461322249172366,0.331433698423374,1,"Tue","900~30","SLICE_OF_LIFE","A&E",0,1
1,1,0,0.428571428571429,0.461322249172366,0.331433698423374,1,"Mon","900~30","COMEDY","Other",0,1
1,1,0,0.454545454545455,0.461322249172366,0.331433698423374,2,"Sat","930~59","SLICE_OF_LIFE","TLC",0,1
1,1,0,0.6,0.461322249172366,0.331433698423374,1,"Tue","1000~30","DOCUMENTARY","HIST",0,1
1,1,0,0.75,0.461322249172366,0.331433698423374,1,"Mon","1000~30","SLICE_OF_LIFE","HIST",0,1
0,0,0,0.4,0.365033758251093,0.348758803784687,1,"Thu","1030~59","NEWS_POLITICAL","CNN",0,1
0,0,0,0.285714285714286,0.365033758251093,0.348758803784687,1,"Fri","830~59","NEWS_POLITICAL","CNN",0,1
0,0,0,0.444444444444444,0.365033758251093,0.348758803784687,1,"Mon","830~59","NEWS_POLITICAL","CNN",0,1
0,0,0,0.3,0.365033758251093,0.348758803784687,1,"Thu","1030~59","NEWS_POLITICAL","CNN",0,1
0,0,0,0.5,0.365033758251093,0.348758803784687,1,"Mon","1030~59","NEWS_POLITICAL","CNN",0,1
0,0,0,0.454545454545455,0.365033758251093,0.348758803784687,1,"Mon","930~59","NEWS_POLITICAL","CNN",0,1
0,0,0,0.5,0.365033758251093,0.348758803784687,1,"Tue","830~59","NEWS_POLITICAL","CNN",0,1
0,0,0,0.125,0.365033758251093,0.348758803784687,6,"Mon","830~59","NEWS_POLITICAL","FNEW",1,0
0,1,0,0.333333333333333,0.325707923329398,0.39472462510758,1,"Tue","800~30","NEWS_POLITICAL","FNEW",0,1
0,1,0,0.363636363636364,0.325707923329398,0.39472462510758,1,"Tue","830~59","NEWS_POLITICAL","CNN",0,1
0,1,0,0.428571428571429,0.325707923329398,0.39472462510758,2,"Sat","1030~59","DOCUMENTARY","Other",0,1
0,0,0,0.857142857142857,0.0780224301433794,0.448157869202317,1,"Mon","800~30","NEWS_POLITICAL","FNEW",0,1
1,1,1,0.6,0.349768378669374,0.329605136020655,1,"Wed","930~59","SPORTS","Other",0,1
1,1,1,0.5,0.349768378669374,0.329605136020655,1,"Mon","900~30","COMEDY","CBS",0,1
1,1,1,0.285714285714286,0.349768378669374,0.329605136020655,1,"Mon","930~59","SLICE_OF_LIFE","Other",0,1
0,1,0,0.5,0.0612986016150557,0.397113398985964,1,"Thu","1000~30","SLICE_OF_LIFE","TLC",0,1
0,1,0,0.19047619047619,0.0612986016150557,0.397113398985964,1,"Mon","930~59","SLICE_OF_LIFE","DISC",0,1
0,1,0,0.272727272727273,0.0612986016150557,0.397113398985964,1,"Mon","800~30","SLICE_OF_LIFE","Other",0,1
0,1,0,0.777777777777778,0.0612986016150557,0.397113398985964,1,"Fri","900~30","SLICE_OF_LIFE","DISC",0,1
0,1,0,0.75,0.0612986016150557,0.397113398985964,1,"Wed","1030~59","SLICE_OF_LIFE","TLC",0,1
0,1,0,0.5,0.0612986016150557,0.397113398985964,1,"Sun","930~59","SPORTS","NBC",0,1
0,1,0,0.375,0.0612986016150557,0.397113398985964,1,"Mon","900~30","SLICE_OF_LIFE","DISC",0,1
0,1,0,0.111111111111111,0.0612986016150557,0.397113398985964,1,"Mon","800~30","COMEDY","CBS",0,1
0,1,0,0.625,0.0612986016150557,0.397113398985964,1,"Sun","730~59","NEWS_POLITICAL","CBS",0,1
0,1,0,0.333333333333333,0.0612986016150557,0.397113398985964,1,"Wed","930~59","NEWS_POLITICAL","CNN",0,1
0,1,0,0.375,0.0612986016150557,0.397113398985964,1,"Sat","830~59","NEWS_POLITICAL","CNN",0,1
0,1,0,0.636363636363636,0.0612986016150557,0.397113398985964,1,"Sat","900~30","SLICE_OF_LIFE","DISC",0,1
0,1,0,0.25,0.0612986016150557,0.397113398985964,1,"Sat","900~30","SLICE_OF_LIFE","TLC",0,1
0,1,0,0.904761904761905,0.0612986016150557,0.397113398985964,1,"Fri","930~59","SLICE_OF_LIFE","DISC",0,1
0,1,0,0.6,0.0612986016150557,0.397113398985964,1,"Sat","1000~30","DOCUMENTARY","CNN",0,1
0,1,0,0.3125,0.0612986016150557,0.397113398985964,1,"Sat","1030~59","SLICE_OF_LIFE","DISC",0,1
0,1,0,0.6,0.0612986016150557,0.397113398985964,1,"Sun","800~30","SLICE_OF_LIFE","TLC",0,1
0,1,0,0.428571428571429,0.0612986016150557,0.397113398985964,1,"Sat","930~59","DOCUMENTARY","Other",0,1
0,1,0,0.6,0.0612986016150557,0.397113398985964,1,"Sun","1000~30","SLICE_OF_LIFE","TLC",0,1
0,1,0,0.444444444444444,0.0612986016150557,0.397113398985964,1,"Mon","1030~59","DRAMA_ADVENTURE","CBS",0,1
0,1,0,0.272727272727273,0.0612986016150557,0.397113398985964,1,"Sun","930~59","SLICE_OF_LIFE","TLC",0,1
0,0,0,0.111111111111111,0.0177164882260283,0.320965099259265,1,"Tue","1000~30","DOCUMENTARY","Other",0,1
1,0,0,0.285714285714286,0.139939820478358,0.335938679465828,1,"Wed","1000~30","DRAMA_ADVENTURE","OWN",0,1
1,0,0,0.285714285714286,0.139939820478358,0.335938679465828,1,"Fri","900~30","COMEDY","OWN",0,1
1,0,0,0.285714285714286,0.139939820478358,0.335938679465828,1,"Mon","930~59","DRAMA_ADVENTURE","TV1",0,1
1,0,0,0.0625,0.139939820478358,0.335938679465828,1,"Mon","1030~59","DOCUMENTARY","TV1",0,1
1,0,0,0.6,0.139939820478358,0.335938679465828,1,"Sat","1030~59","NEWS_POLITICAL","OWN",0,1
1,0,0,0.142857142857143,0.139939820478358,0.335938679465828,1,"Tue","930~59","NEWS_POLITICAL","TV1",0,1
1,0,0,0.727272727272727,0.139939820478358,0.335938679465828,1,"Tue","930~59","DRAMA_ADVENTURE","OWN",0,1
1,0,0,0.428571428571429,0.139939820478358,0.335938679465828,1,"Mon","800~30","SLICE_OF_LIFE","VH-1",0,1
0,1,0,0.375,0.0235951562289626,0.341874736414049,1,"Fri","800~30","NEWS_POLITICAL","CNN",0,1
0,1,0,0.75,0.0235951562289626,0.341874736414049,1,"Fri","830~59","NEWS_POLITICAL","CNN",0,1
0,1,0,0.545454545454545,0.0235951562289626,0.341874736414049,1,"Mon","930~59","SLICE_OF_LIFE","HIST",0,1
0,1,0,0.8,0.207672745256929,0.375671043271298,1,"Sun","730~59","SPORTS","NBC",0,1
0,1,0,0.5,0.207672745256929,0.375671043271298,1,"Mon","1000~30","NEWS_POLITICAL","NBC",0,1
0,1,0,0.666666666666667,0.207672745256929,0.375671043271298,1,"Thu","800~30","COMEDY","CBS",0,1
0,1,0,0.388888888888889,0.207672745256929,0.375671043271298,1,"Sun","1030~59","SLICE_OF_LIFE","DISC",0,1
1,0,0,0.545454545454545,0.90557529376067,0.415023670885714,1,"Mon","1030~59","SLICE_OF_LIFE","VH-1",0,1
1,0,0,0.571428571428571,0.90557529376067,0.415023670885714,1,"Mon","1030~59","SLICE_OF_LIFE","VH-1",0,1
1,0,0,0.555555555555556,0.90557529376067,0.415023670885714,1,"Mon","1000~30","SLICE_OF_LIFE","VH-1",0,1
1,0,0,0.777777777777778,0.90557529376067,0.415023670885714,1,"Mon","900~30","DRAMA_ADVENTURE","TV1",0,1
1,0,0,0.533333333333333,0.90557529376067,0.415023670885714,1,"Mon","930~59","DRAMA_ADVENTURE","TV1",0,1
1,0,0,0.666666666666667,0.90557529376067,0.415023670885714,1,"Mon","930~59","SLICE_OF_LIFE","VH-1",0,1
1,0,0,0.111111111111111,0.90557529376067,0.415023670885714,1,"Mon","900~30","DRAMA_ADVENTURE","TV1",0,1
1,0,0,0.625,0.90557529376067,0.415023670885714,1,"Mon","830~59","SLICE_OF_LIFE","VH-1",0,1
1,0,0,0.666666666666667,0.90557529376067,0.415023670885714,1,"Mon","900~30","SLICE_OF_LIFE","VH-1",0,1
1,0,0,0.666666666666667,0.90557529376067,0.415023670885714,1,"Mon","1000~30","DOCUMENTARY","TV1",0,1
1,0,0,0.571428571428571,0.90557529376067,0.415023670885714,1,"Mon","830~59","SLICE_OF_LIFE","VH-1",0,1
1,0,0,0.6,0.90557529376067,0.415023670885714,1,"Mon","930~59","SLICE_OF_LIFE","VH-1",0,1
0,1,0,0.454545454545455,0.0732014000165867,0.208522553113862,1,"Sat","1000~30","SLICE_OF_LIFE","DISC",0,1
0,1,0,0.0909090909090909,0.0732014000165867,0.208522553113862,1,"Sun","1000~30","NEWS_POLITICAL","ID",0,1
0,1,0,0.375,0.0732014000165867,0.208522553113862,1,"Sat","900~30","DOCUMENTARY","Other",0,1
0,1,0,0.142857142857143,0.0732014000165867,0.208522553113862,1,"Sat","900~30","DOCUMENTARY","ID",0,1
0,1,0,0.444444444444444,0.0732014000165867,0.208522553113862,1,"Sat","930~59","DOCUMENTARY","Other",0,1
0,1,0,0.222222222222222,0.0732014000165867,0.208522553113862,1,"Mon","930~59","SUSPENSE_MYSTERY","ID",0,1
0,1,0,0.5,0.0732014000165867,0.208522553113862,1,"Mon","1000~30","SUSPENSE_MYSTERY","ID",0,1
0,1,0,0.428571428571429,0.0732014000165867,0.208522553113862,1,"Fri","900~30","NEWS_POLITICAL","FNEW",0,1
0,1,0,0.333333333333333,0.0732014000165867,0.208522553113862,1,"Fri","930~59","NEWS_POLITICAL","FNEW",0,1
0,1,0,0.5,0.0732014000165867,0.208522553113862,1,"Sun","730~59","SPORTS","NBC",0,1
0,1,0,0.75,0.0732014000165867,0.208522553113862,1,"Sun","1030~59","SPORTS","NBC",0,1
0,1,1,0.285714285714286,0.0235281110848152,0.332113426399412,1,"Mon","830~59","SLICE_OF_LIFE","NBC",0,1
0,1,1,0.2,0.0235281110848152,0.332113426399412,15,"Thu","900~30","NEWS_POLITICAL","FNEW",1,0
0,1,0,0.181818181818182,-0.0132017740115892,0.355005315814901,1,"Sun","1030~59","DOCUMENTARY","HIST",0,1
0,1,0,0.555555555555556,-0.0132017740115892,0.355005315814901,1,"Fri","1000~30","DOCUMENTARY","TLC",0,1
0,1,0,0.545454545454545,-0.0132017740115892,0.355005315814901,1,"Mon","1030~59","SLICE_OF_LIFE","A&E",0,1
0,1,0,0.6,-0.0132017740115892,0.355005315814901,1,"Mon","930~59","SLICE_OF_LIFE","A&E",0,1
0,1,0,0.583333333333333,-0.0132017740115892,0.355005315814901,1,"Mon","930~59","SLICE_OF_LIFE","A&E",0,1
0,1,0,0.75,-0.0132017740115892,0.355005315814901,1,"Mon","900~30","SLICE_OF_LIFE","HIST",0,1
0,1,0,0.777777777777778,-0.0132017740115892,0.355005315814901,1,"Sat","930~59","SLICE_OF_LIFE","TLC",0,1
0,1,0,0.727272727272727,-0.0132017740115892,0.355005315814901,1,"Mon","1030~59","SLICE_OF_LIFE","A&E",0,1
0,1,0,0.5,-0.0132017740115892,0.355005315814901,1,"Mon","930~59","SLICE_OF_LIFE","HIST",0,1
1,0,1,0.166666666666667,0.216965664127896,0.302164047063313,1,"Mon","930~59","SLICE_OF_LIFE","NBC",0,1
